ISOTime,Flow,Sal,Temp,TRACE_1,SS1,RET,OXY,SIL,AMM,NIT,FRP,FRP_ADS,DOC,POC,DON,PON,DOP,POP,CYANO,CHLOR,CRYPTO,FDIAT,MDIAT
01/01/2013 00:00:00,38.800000,0.030000,1.000000,0.000000,0.000000,0.000000,443.750000,223.131673,32.142857,148.571429,1.032258,0.103226,166.666667,16.666667,27.857143,12.142857,0.225806,1.051613,0.083333,0.083333,0.000000,0.416667,3.000000
02/01/2013 00:00:00,37.400000,0.030000,1.000000,0.000000,0.000000,0.000000,443.750000,259.074733,32.142857,147.142857,1.000000,0.100000,166.666667,16.666667,27.857143,12.142857,0.209677,0.958065,0.083333,0.083333,0.000000,0.416667,3.000000
03/01/2013 00:00:00,36.800000,0.030000,1.000000,0.000000,0.000000,0.000000,443.750000,215.658363,32.142857,147.142857,0.967742,0.096774,166.666667,16.666667,27.142857,11.428571,0.193548,0.874194,0.083333,0.083333,0.000000,0.416667,3.000000
04/01/2013 00:00:00,36.500000,0.030000,1.000000,0.000000,0.000000,0.000000,443.750000,214.590747,32.142857,148.571429,0.935484,0.093548,166.666667,16.666667,26.428571,11.428571,0.183871,0.806452,0.083333,0.083333,0.000000,0.416667,3.000000
05/01/2013 00:00:00,36.000000,0.030000,1.000000,0.000000,0.000000,0.000000,443.750000,206.761566,31.428571,152.857143,0.935484,0.093548,166.666667,16.666667,26.428571,11.428571,0.180645,0.787097,0.083333,0.083333,0.000000,0.416667,3.000000
06/01/2013 00:00:00,35.700000,0.030000,1.000000,0.000000,0.000000,0.000000,443.750000,184.697509,31.428571,157.857143,0.935484,0.093548,166.666667,16.666667,25.714286,10.714286,0.190323,0.854839,0.083333,0.083333,0.000000,0.416667,3.000000
07/01/2013 00:00:00,35.500000,0.030000,1.000000,0.000000,0.000000,0.000000,443.750000,197.864769,32.857143,161.428571,0.967742,0.096774,166.666667,16.666667,26.428571,11.428571,0.200000,0.912903,0.083333,0.083333,0.000000,0.416667,3.000000
08/01/2013 00:00:00,35.900000,0.030000,1.000000,0.000000,0.000000,0.000000,443.750000,201.779359,32.142857,164.285714,0.967742,0.096774,166.666667,16.666667,26.428571,11.428571,0.206452,0.938710,0.083333,0.083333,0.000000,0.416667,3.000000
09/01/2013 00:00:00,38.800000,0.030000,1.000000,0.000000,0.000000,0.000000,443.750000,210.676157,27.857143,167.857143,1.129032,0.112903,166.666667,16.666667,25.714286,10.714286,0.316129,1.622581,0.083333,0.083333,0.000000,0.416667,3.000000
10/01/2013 00:00:00,47.700000,0.020000,1.000000,0.000000,0.000000,0.000000,443.750000,207.117438,23.571429,159.285714,1.419355,0.141935,166.666667,16.666667,25.000000,10.714286,0.480645,2.625806,0.083333,0.083333,0.000000,0.416667,3.000000
11/01/2013 00:00:00,66.300000,0.020000,1.000000,0.000000,0.000000,0.000000,443.750000,212.455516,21.428571,152.857143,1.677419,0.167742,166.666667,16.666667,25.000000,10.714286,0.600000,3.325806,0.083333,0.083333,0.000000,0.416667,3.000000
12/01/2013 00:00:00,95.400000,0.020000,3.900000,0.000000,0.000000,0.000000,410.937500,214.590747,22.142857,137.857143,1.741935,0.174194,166.666667,16.666667,25.714286,11.428571,0.658065,3.693548,0.083333,0.083333,0.000000,0.416667,3.000000
13/01/2013 00:00:00,130.100000,0.020000,5.180000,0.000000,0.000000,0.000000,397.500000,261.921708,22.857143,124.285714,1.741935,0.174194,166.666667,16.666667,27.142857,11.428571,0.687097,3.883871,0.083333,0.083333,0.000000,0.416667,3.000000
14/01/2013 00:00:00,165.600000,0.020000,5.110000,0.000000,0.000000,0.000000,398.437500,259.074733,24.285714,113.571429,1.741935,0.174194,166.666667,16.666667,27.857143,12.142857,0.693548,3.945161,0.083333,0.083333,0.000000,0.416667,3.000000
15/01/2013 00:00:00,191.700000,0.020000,4.610000,0.000000,0.000000,0.000000,403.437500,248.042705,24.285714,107.857143,1.677419,0.167742,166.666667,16.666667,28.571429,12.142857,0.674194,3.848387,0.083333,0.083333,0.000000,0.416667,3.000000
16/01/2013 00:00:00,202.100000,0.020000,4.550000,0.000000,0.000000,0.000000,404.062500,256.583630,25.000000,105.000000,1.580645,0.158065,166.666667,16.666667,27.857143,12.142857,0.635484,3.612903,0.083333,0.083333,0.000000,0.416667,3.000000
17/01/2013 00:00:00,200.900000,0.020000,3.970000,0.000000,0.000000,0.000000,410.312500,252.313167,25.000000,105.000000,1.483871,0.148387,166.666667,16.666667,27.142857,11.428571,0.577419,3.277419,0.083333,0.083333,0.000000,0.416667,3.000000
18/01/2013 00:00:00,194.900000,0.020000,3.350000,0.000000,0.000000,0.000000,416.875000,249.822064,24.285714,106.428571,1.354839,0.135484,166.666667,16.666667,25.000000,10.714286,0.519355,2.916129,0.083333,0.083333,0.000000,0.416667,3.000000
19/01/2013 00:00:00,184.500000,0.020000,1.000000,0.000000,0.000000,0.000000,443.750000,248.398577,24.285714,108.571429,1.290323,0.129032,166.666667,16.666667,24.285714,10.714286,0.470968,2.622581,0.083333,0.083333,0.000000,0.416667,3.000000
20/01/2013 00:00:00,166.300000,0.020000,1.000000,0.000000,0.000000,0.000000,443.750000,246.619217,25.000000,110.000000,1.225806,0.122581,166.666667,16.666667,23.571429,10.000000,0.435484,2.416129,0.083333,0.083333,0.000000,0.416667,3.000000
21/01/2013 00:00:00,139.900000,0.020000,1.000000,0.000000,0.000000,0.000000,443.750000,248.042705,25.000000,111.428571,1.225806,0.122581,166.666667,16.666667,22.857143,10.000000,0.416129,2.274194,0.083333,0.083333,0.000000,0.416667,3.000000
22/01/2013 00:00:00,111.100000,0.020000,1.000000,0.000000,0.000000,0.000000,443.750000,228.469751,25.714286,112.857143,1.225806,0.122581,166.666667,16.666667,23.571429,10.000000,0.400000,2.167742,0.083333,0.083333,0.000000,0.416667,3.000000
23/01/2013 00:00:00,86.500000,0.020000,1.000000,0.000000,0.000000,0.000000,443.750000,225.978648,26.428571,114.285714,1.258065,0.125806,166.666667,16.666667,23.571429,10.000000,0.387097,2.058065,0.083333,0.083333,0.000000,0.416667,3.000000
24/01/2013 00:00:00,69.200000,0.020000,1.000000,0.000000,0.000000,0.000000,443.750000,227.046263,27.857143,115.714286,1.258065,0.125806,166.666667,16.666667,24.285714,10.714286,0.367742,1.935484,0.083333,0.083333,0.000000,0.416667,3.000000
25/01/2013 00:00:00,58.300000,0.020000,1.000000,0.000000,0.000000,0.000000,443.750000,240.569395,29.285714,117.142857,1.225806,0.122581,166.666667,16.666667,25.000000,10.714286,0.345161,1.796774,0.083333,0.083333,0.000000,0.416667,3.000000
26/01/2013 00:00:00,51.600000,0.020000,1.000000,0.000000,0.000000,0.000000,443.750000,237.010676,30.000000,118.571429,1.193548,0.119355,166.666667,16.666667,25.714286,10.714286,0.322581,1.648387,0.083333,0.083333,0.000000,0.416667,3.000000
27/01/2013 00:00:00,47.700000,0.020000,1.000000,0.000000,0.000000,0.000000,443.750000,234.163701,29.285714,123.571429,1.161290,0.116129,166.666667,16.666667,25.000000,10.714286,0.312903,1.580645,0.083333,0.083333,0.000000,0.416667,3.000000
28/01/2013 00:00:00,53.500000,0.020000,1.000000,0.000000,0.000000,0.000000,443.750000,232.384342,22.142857,117.857143,1.322581,0.132258,166.666667,16.666667,24.285714,10.714286,0.445161,2.429032,0.083333,0.083333,0.000000,0.416667,3.000000
29/01/2013 00:00:00,90.800000,0.020000,1.000000,0.000000,0.000000,0.000000,443.750000,228.469751,18.571429,95.000000,1.516129,0.151613,166.666667,16.666667,27.857143,12.142857,0.670968,3.903226,0.083333,0.083333,0.000000,0.416667,3.000000
30/01/2013 00:00:00,165.200000,0.020000,1.000000,0.000000,0.000000,0.000000,443.750000,215.658363,17.857143,84.285714,1.548387,0.154839,166.666667,16.666667,32.142857,13.571429,0.745161,4.396774,0.083333,0.083333,0.000000,0.416667,3.000000
31/01/2013 00:00:00,247.000000,0.020000,1.000000,0.000000,0.000000,0.000000,443.750000,209.252669,18.571429,79.285714,1.548387,0.154839,166.666667,16.666667,32.857143,14.285714,0.751613,4.441935,0.083333,0.083333,0.000000,0.416667,3.000000
01/02/2013 00:00:00,303.800000,0.020000,1.000000,0.000000,0.000000,0.000000,443.750000,205.338078,19.285714,77.142857,1.516129,0.151613,166.666667,16.666667,32.142857,13.571429,0.729032,4.293548,0.083333,0.083333,0.000000,0.416667,3.000000
02/02/2013 00:00:00,323.100000,0.020000,1.000000,0.000000,0.000000,0.000000,443.750000,219.572954,19.285714,77.142857,1.483871,0.148387,166.666667,16.666667,30.714286,12.857143,0.683871,4.019355,0.083333,0.083333,0.000000,0.416667,3.000000
03/02/2013 00:00:00,314.000000,0.020000,1.000000,0.000000,0.000000,0.000000,443.750000,229.181495,20.000000,78.571429,1.419355,0.141935,166.666667,16.666667,29.285714,12.857143,0.632258,3.683871,0.083333,0.083333,0.000000,0.416667,3.000000
04/02/2013 00:00:00,290.900000,0.020000,1.000000,0.000000,0.000000,0.000000,443.750000,224.911032,20.000000,81.428571,1.354839,0.135484,166.666667,16.666667,27.857143,12.142857,0.580645,3.351613,0.083333,0.083333,0.000000,0.416667,3.000000
05/02/2013 00:00:00,259.700000,0.020000,1.000000,0.000000,0.000000,0.000000,443.750000,225.978648,20.714286,83.571429,1.322581,0.132258,166.666667,16.666667,26.428571,11.428571,0.535484,3.070968,0.083333,0.083333,0.000000,0.416667,3.000000
06/02/2013 00:00:00,222.200000,0.020000,1.000000,0.000000,0.000000,0.000000,443.750000,214.590747,20.714286,86.428571,1.290323,0.129032,166.666667,16.666667,25.000000,10.714286,0.503226,2.841935,0.083333,0.083333,0.000000,0.416667,3.000000
07/02/2013 00:00:00,183.400000,0.020000,1.000000,0.000000,0.000000,0.000000,443.750000,218.861210,21.428571,89.285714,1.258065,0.125806,166.666667,16.666667,24.285714,10.000000,0.474194,2.654839,0.083333,0.083333,0.000000,0.416667,3.000000
08/02/2013 00:00:00,149.100000,0.020000,1.000000,0.000000,0.000000,0.000000,443.750000,197.864769,22.142857,92.142857,1.258065,0.125806,166.666667,16.666667,23.571429,10.000000,0.448387,2.490323,0.083333,0.083333,0.000000,0.416667,3.000000
09/02/2013 00:00:00,122.200000,0.020000,1.000000,0.000000,0.000000,0.000000,443.750000,185.053381,22.857143,95.000000,1.258065,0.125806,166.666667,16.666667,22.857143,10.000000,0.429032,2.341935,0.083333,0.083333,0.000000,0.416667,3.000000
10/02/2013 00:00:00,102.000000,0.020000,1.000000,0.000000,0.000000,0.000000,443.750000,212.811388,23.571429,97.857143,1.258065,0.125806,166.666667,16.666667,22.857143,10.000000,0.406452,2.206452,0.083333,0.083333,0.000000,0.416667,3.000000
11/02/2013 00:00:00,90.600000,0.020000,1.000000,0.000000,0.000000,0.000000,443.750000,218.149466,22.142857,108.571429,1.290323,0.129032,166.666667,16.666667,22.857143,10.000000,0.429032,2.338710,0.083333,0.083333,0.000000,0.416667,3.000000
12/02/2013 00:00:00,87.500000,0.020000,1.000000,0.000000,0.000000,0.000000,443.750000,206.761566,21.428571,117.857143,1.322581,0.132258,166.666667,16.666667,23.571429,10.000000,0.458065,2.506452,0.083333,0.083333,0.000000,0.416667,3.000000
13/02/2013 00:00:00,87.200000,0.020000,1.000000,0.000000,0.000000,0.000000,443.750000,215.302491,21.428571,125.714286,1.387097,0.138710,166.666667,16.666667,23.571429,10.000000,0.470968,2.580645,0.083333,0.083333,0.000000,0.416667,3.000000
14/02/2013 00:00:00,86.800000,0.020000,1.000000,0.000000,0.000000,0.000000,443.750000,217.437722,22.142857,129.285714,1.419355,0.141935,166.666667,16.666667,23.571429,10.000000,0.470968,2.570968,0.083333,0.083333,0.000000,0.416667,3.000000
15/02/2013 00:00:00,84.700000,0.020000,1.000000,0.000000,0.000000,0.000000,443.750000,218.505338,22.857143,130.714286,1.419355,0.141935,166.666667,16.666667,23.571429,10.000000,0.461290,2.493548,0.083333,0.083333,0.000000,0.416667,3.000000
16/02/2013 00:00:00,79.700000,0.020000,1.000000,0.000000,0.000000,0.000000,443.750000,221.708185,24.285714,131.428571,1.387097,0.138710,166.666667,16.666667,23.571429,10.000000,0.441935,2.377419,0.083333,0.083333,0.000000,0.416667,3.000000
17/02/2013 00:00:00,72.700000,0.020000,1.000000,0.000000,0.000000,0.000000,443.750000,224.199288,25.000000,131.428571,1.354839,0.135484,166.666667,16.666667,24.285714,10.000000,0.419355,2.235484,0.083333,0.083333,0.000000,0.416667,3.000000
18/02/2013 00:00:00,65.000000,0.020000,1.000000,0.000000,0.000000,0.000000,443.750000,223.131673,26.428571,131.428571,1.322581,0.132258,166.666667,16.666667,24.285714,10.714286,0.396774,2.080645,0.083333,0.083333,0.000000,0.416667,3.000000
19/02/2013 00:00:00,57.900000,0.020000,1.000000,0.000000,0.000000,0.000000,443.750000,220.996441,27.857143,131.428571,1.290323,0.129032,166.666667,16.666667,25.000000,10.714286,0.370968,1.929032,0.083333,0.083333,0.000000,0.416667,3.000000
20/02/2013 00:00:00,52.000000,0.020000,1.000000,0.000000,0.000000,0.000000,443.750000,203.914591,28.571429,131.428571,1.258065,0.125806,166.666667,16.666667,25.000000,10.714286,0.348387,1.790323,0.083333,0.083333,0.000000,0.416667,3.000000
21/02/2013 00:00:00,47.400000,0.020000,1.000000,0.000000,0.000000,0.000000,443.750000,205.338078,29.285714,131.428571,1.225806,0.122581,166.666667,16.666667,25.714286,10.714286,0.325806,1.664516,0.083333,0.083333,0.000000,0.416667,3.000000
22/02/2013 00:00:00,44.000000,0.020000,1.000000,0.000000,0.000000,0.000000,443.750000,204.270463,29.285714,132.857143,1.193548,0.119355,166.666667,16.666667,25.000000,10.714286,0.309677,1.548387,0.083333,0.083333,0.000000,0.416667,3.000000
23/02/2013 00:00:00,41.600000,0.020000,1.000000,0.000000,0.000000,0.000000,443.750000,203.558719,30.000000,134.285714,1.161290,0.116129,166.666667,16.666667,25.000000,10.714286,0.293548,1.448387,0.083333,0.083333,0.000000,0.416667,3.000000
24/02/2013 00:00:00,39.800000,0.020000,1.000000,0.000000,0.000000,0.000000,443.750000,188.612100,29.285714,137.142857,1.161290,0.116129,166.666667,16.666667,24.285714,10.714286,0.277419,1.354839,0.083333,0.083333,0.000000,0.416667,3.000000
25/02/2013 00:00:00,38.400000,0.020000,1.000000,0.000000,0.000000,0.000000,443.750000,169.750890,28.571429,140.000000,1.129032,0.112903,166.666667,16.666667,23.571429,10.000000,0.267742,1.280645,0.083333,0.083333,0.000000,0.416667,3.000000
26/02/2013 00:00:00,41.000000,0.020000,1.000000,0.000000,0.000000,0.000000,443.750000,151.957295,25.000000,132.857143,1.129032,0.112903,166.666667,16.666667,22.142857,9.285714,0.303226,1.545161,0.083333,0.083333,0.000000,0.416667,3.000000
27/02/2013 00:00:00,47.300000,0.020000,1.000000,0.000000,0.000000,0.000000,443.750000,152.313167,21.428571,126.428571,1.225806,0.122581,166.666667,16.666667,22.857143,10.000000,0.416129,2.277419,0.083333,0.083333,0.000000,0.416667,3.000000
28/02/2013 00:00:00,59.100000,0.020000,1.000000,0.000000,0.000000,0.000000,443.750000,156.227758,22.142857,123.571429,1.322581,0.132258,166.666667,16.666667,24.285714,10.714286,0.470968,2.616129,0.083333,0.083333,0.000000,0.416667,3.000000
01/03/2013 00:00:00,70.000000,0.020000,1.000000,0.000000,0.000000,0.000000,443.750000,156.227758,23.571429,123.571429,1.387097,0.138710,166.666667,16.666667,25.000000,10.714286,0.493548,2.732258,0.083333,0.083333,0.000000,0.416667,3.000000
02/03/2013 00:00:00,76.300000,0.020000,1.000000,0.000000,0.000000,0.000000,443.750000,149.466192,24.285714,124.285714,1.419355,0.141935,166.666667,16.666667,25.000000,10.714286,0.493548,2.722581,0.083333,0.083333,0.000000,0.416667,3.000000
03/03/2013 00:00:00,76.600000,0.020000,1.000000,0.000000,0.000000,0.000000,443.750000,176.512456,25.714286,125.000000,1.419355,0.141935,166.666667,16.666667,24.285714,10.714286,0.483871,2.635484,0.083333,0.083333,0.000000,0.416667,3.000000
04/03/2013 00:00:00,72.300000,0.020000,1.000000,0.000000,0.000000,0.000000,443.750000,183.274021,26.428571,126.428571,1.419355,0.141935,166.666667,16.666667,24.285714,10.714286,0.461290,2.500000,0.083333,0.083333,0.000000,0.416667,3.000000
05/03/2013 00:00:00,65.600000,0.020000,1.000000,0.000000,0.000000,0.000000,443.750000,181.494662,26.428571,130.000000,1.419355,0.141935,166.666667,16.666667,23.571429,10.000000,0.435484,2.322581,0.083333,0.083333,0.000000,0.416667,3.000000
06/03/2013 00:00:00,58.500000,0.020000,1.000000,0.000000,0.000000,0.000000,443.750000,186.476868,25.714286,135.714286,1.419355,0.141935,166.666667,16.666667,22.142857,9.285714,0.412903,2.167742,0.083333,0.083333,0.000000,0.416667,3.000000
07/03/2013 00:00:00,56.900000,0.020000,1.000000,0.000000,0.000000,0.000000,443.750000,192.882562,22.857143,138.571429,1.419355,0.141935,166.666667,16.666667,22.857143,10.000000,0.477419,2.603226,0.083333,0.083333,0.000000,0.416667,3.000000
08/03/2013 00:00:00,62.200000,0.020000,1.000000,0.000000,0.000000,0.000000,443.750000,194.661922,22.142857,138.571429,1.451613,0.145161,166.666667,16.666667,24.285714,10.714286,0.525806,2.919355,0.083333,0.083333,0.000000,0.416667,3.000000
09/03/2013 00:00:00,89.500000,0.020000,1.000000,0.000000,0.000000,0.000000,443.750000,217.081851,18.571429,103.571429,1.483871,0.148387,166.666667,16.666667,27.857143,12.142857,0.680645,3.983871,0.083333,0.083333,0.000000,0.416667,3.000000
10/03/2013 00:00:00,145.300000,0.020000,1.000000,0.000000,0.000000,0.000000,443.750000,213.167260,19.285714,89.285714,1.580645,0.158065,166.666667,16.666667,30.714286,12.857143,0.770968,4.570968,0.083333,0.083333,0.000000,0.416667,3.000000
11/03/2013 00:00:00,222.400000,0.020000,3.920000,0.000000,0.000000,0.000000,410.937500,196.441281,20.714286,82.857143,1.612903,0.161290,166.666667,16.666667,32.857143,14.285714,0.816129,4.854839,0.083333,0.083333,0.000000,0.416667,3.000000
12/03/2013 00:00:00,311.300000,0.020000,5.120000,0.000000,0.000000,0.000000,398.437500,203.914591,22.142857,78.571429,1.612903,0.161290,166.666667,16.666667,35.000000,15.000000,0.825806,4.925806,0.083333,0.083333,0.000000,0.416667,3.000000
13/03/2013 00:00:00,387.500000,0.020000,4.630000,0.000000,0.000000,0.000000,403.437500,198.932384,22.857143,77.142857,1.580645,0.158065,166.666667,16.666667,35.714286,15.000000,0.816129,4.883871,0.083333,0.083333,0.000000,0.416667,3.000000
14/03/2013 00:00:00,430.400000,0.020000,3.770000,0.000000,0.000000,0.000000,412.500000,202.135231,23.571429,76.428571,1.548387,0.154839,166.666667,16.666667,35.000000,15.000000,0.793548,4.735484,0.083333,0.083333,0.000000,0.416667,3.000000
15/03/2013 00:00:00,433.700000,0.020000,3.710000,0.000000,0.000000,0.000000,413.125000,196.441281,23.571429,77.142857,1.516129,0.151613,166.666667,16.666667,33.571429,14.285714,0.761290,4.522581,0.083333,0.083333,0.000000,0.416667,3.000000
16/03/2013 00:00:00,405.500000,0.020000,3.130000,0.000000,0.000000,0.000000,419.375000,196.441281,23.571429,78.571429,1.483871,0.148387,166.666667,16.666667,32.142857,13.571429,0.722581,4.280645,0.083333,0.083333,0.000000,0.416667,3.000000
17/03/2013 00:00:00,358.700000,0.020000,1.000000,0.000000,0.000000,0.000000,443.750000,198.220641,24.285714,80.000000,1.451613,0.145161,166.666667,16.666667,30.714286,12.857143,0.683871,4.029032,0.083333,0.083333,0.000000,0.416667,3.000000
18/03/2013 00:00:00,304.800000,0.020000,1.000000,0.000000,0.000000,0.000000,443.750000,191.103203,24.285714,82.142857,1.419355,0.141935,166.666667,16.666667,28.571429,12.142857,0.645161,3.777419,0.083333,0.083333,0.000000,0.416667,3.000000
19/03/2013 00:00:00,253.100000,0.020000,1.000000,0.000000,0.000000,0.000000,443.750000,197.153025,24.285714,84.285714,1.419355,0.141935,166.666667,16.666667,27.142857,11.428571,0.609677,3.538710,0.083333,0.083333,0.000000,0.416667,3.000000
20/03/2013 00:00:00,208.300000,0.020000,1.000000,0.000000,0.000000,0.000000,443.750000,207.117438,24.285714,86.428571,1.387097,0.138710,166.666667,16.666667,25.714286,10.714286,0.580645,3.325806,0.083333,0.083333,0.000000,0.416667,3.000000
21/03/2013 00:00:00,170.500000,0.020000,1.000000,0.000000,0.000000,0.000000,443.750000,202.491103,24.285714,89.285714,1.387097,0.138710,166.666667,16.666667,25.000000,10.714286,0.554839,3.148387,0.083333,0.083333,0.000000,0.416667,3.000000
22/03/2013 00:00:00,138.500000,0.020000,1.000000,0.000000,0.000000,0.000000,443.750000,214.946619,24.285714,93.571429,1.419355,0.141935,166.666667,16.666667,23.571429,10.000000,0.532258,2.990323,0.083333,0.083333,0.000000,0.416667,3.000000
23/03/2013 00:00:00,112.600000,0.020000,1.000000,0.000000,0.000000,0.000000,443.750000,228.825623,25.000000,96.428571,1.419355,0.141935,166.666667,16.666667,23.571429,10.000000,0.512903,2.845161,0.083333,0.083333,0.000000,0.416667,3.000000
24/03/2013 00:00:00,94.800000,0.020000,1.000000,0.000000,0.000000,0.000000,443.750000,238.434164,24.285714,107.142857,1.419355,0.141935,166.666667,16.666667,22.857143,10.000000,0.503226,2.787097,0.083333,0.083333,0.000000,0.416667,3.000000
25/03/2013 00:00:00,86.400000,0.020000,1.000000,0.000000,0.000000,0.000000,443.750000,239.857651,22.857143,122.142857,1.451613,0.145161,166.666667,16.666667,22.857143,10.000000,0.516129,2.848387,0.083333,0.083333,0.000000,0.416667,3.000000
26/03/2013 00:00:00,84.500000,0.020000,1.000000,0.000000,0.000000,0.000000,443.750000,245.907473,22.142857,134.285714,1.483871,0.148387,166.666667,16.666667,22.142857,9.285714,0.522581,2.893548,0.083333,0.083333,0.000000,0.416667,3.000000
27/03/2013 00:00:00,85.600000,0.020000,1.000000,0.000000,0.000000,0.000000,443.750000,230.249110,22.142857,143.571429,1.483871,0.148387,166.666667,16.666667,22.142857,9.285714,0.522581,2.870968,0.083333,0.083333,0.000000,0.416667,3.000000
28/03/2013 00:00:00,85.900000,0.020000,3.720000,0.000000,0.000000,0.000000,413.125000,234.163701,21.428571,149.285714,1.516129,0.151613,166.666667,16.666667,20.714286,8.571429,0.509677,2.777419,0.083333,0.083333,0.000000,0.416667,3.000000
29/03/2013 00:00:00,83.900000,0.020000,4.750000,0.000000,0.000000,0.000000,402.187500,231.316726,21.428571,152.142857,1.516129,0.151613,166.666667,16.666667,20.000000,8.571429,0.490323,2.654839,0.083333,0.083333,0.000000,0.416667,3.000000
30/03/2013 00:00:00,78.300000,0.020000,5.000000,0.000000,0.000000,0.000000,399.687500,230.960854,20.714286,155.714286,1.548387,0.154839,166.666667,16.666667,18.571429,7.857143,0.477419,2.535484,0.083333,0.083333,0.000000,0.416667,3.000000
31/03/2013 00:00:00,69.200000,0.020000,6.590000,0.000000,0.000000,0.000000,383.750000,233.451957,22.857143,156.428571,1.548387,0.154839,166.666667,16.666667,19.285714,8.571429,0.464516,2.454839,0.083333,0.083333,0.000000,0.416667,3.000000
01/04/2013 00:00:00,58.500000,0.020000,6.160000,0.000000,0.000000,0.000000,387.812500,223.487544,25.000000,155.000000,1.516129,0.151613,166.666667,16.666667,21.428571,9.285714,0.448387,2.367742,0.083333,0.083333,0.000000,0.416667,3.000000
02/04/2013 00:00:00,50.000000,0.020000,5.440000,0.000000,0.000000,0.000000,395.000000,232.028470,27.142857,151.428571,1.451613,0.145161,166.666667,16.666667,23.571429,10.000000,0.425806,2.245161,0.083333,0.083333,0.000000,0.416667,3.000000
03/04/2013 00:00:00,45.400000,0.020000,4.740000,0.000000,0.000000,0.000000,402.187500,235.231317,27.857143,152.142857,1.387097,0.138710,166.666667,16.666667,24.285714,10.000000,0.400000,2.093548,0.083333,0.083333,0.000000,0.416667,3.000000
04/04/2013 00:00:00,43.900000,0.020000,4.560000,0.000000,0.000000,0.000000,404.062500,230.960854,27.857143,152.857143,1.322581,0.132258,166.666667,16.666667,23.571429,10.000000,0.377419,1.951613,0.083333,0.083333,0.000000,0.416667,3.000000
05/04/2013 00:00:00,43.900000,0.020000,4.010000,0.000000,0.000000,0.000000,410.000000,244.839858,27.142857,152.857143,1.258065,0.125806,166.666667,16.666667,22.857143,10.000000,0.348387,1.793548,0.083333,0.083333,0.000000,0.416667,3.000000
06/04/2013 00:00:00,44.800000,0.020000,3.500000,0.000000,0.000000,0.000000,415.312500,246.975089,23.571429,155.000000,1.225806,0.122581,166.666667,16.666667,20.714286,8.571429,0.329032,1.667742,0.083333,0.083333,0.000000,0.416667,3.000000
07/04/2013 00:00:00,45.700000,0.020000,3.900000,0.000000,0.000000,0.000000,410.937500,244.483986,22.142857,156.428571,1.161290,0.116129,166.666667,16.666667,18.571429,7.857143,0.303226,1.529032,0.083333,0.083333,0.000000,0.416667,3.000000
08/04/2013 00:00:00,46.800000,0.020000,4.880000,0.000000,0.000000,0.000000,400.625000,250.533808,19.285714,162.142857,1.129032,0.112903,166.666667,16.666667,17.142857,7.142857,0.290323,1.467742,0.083333,0.083333,0.000000,0.416667,3.000000
09/04/2013 00:00:00,56.900000,0.020000,6.580000,0.000000,0.000000,0.000000,383.750000,249.822064,17.857143,145.714286,1.096774,0.109677,166.666667,16.666667,18.571429,7.857143,0.364516,1.983871,0.083333,0.083333,0.000000,0.416667,3.000000
10/04/2013 00:00:00,85.900000,0.020000,7.670000,0.000000,0.000000,0.000000,373.437500,253.380783,17.857143,142.142857,1.129032,0.112903,166.666667,16.666667,21.428571,9.285714,0.445161,2.541935,0.083333,0.083333,0.000000,0.416667,3.000000
11/04/2013 00:00:00,140.500000,0.020000,7.640000,0.000000,0.000000,0.000000,373.750000,249.822064,18.571429,145.000000,1.129032,0.112903,166.666667,16.666667,23.571429,10.000000,0.493548,2.854839,0.083333,0.083333,0.000000,0.416667,3.000000
12/04/2013 00:00:00,210.300000,0.020000,7.820000,0.000000,0.000000,0.000000,372.187500,238.078292,19.285714,146.428571,1.096774,0.109677,166.666667,16.666667,24.285714,10.000000,0.496774,2.890323,0.083333,0.083333,0.000000,0.416667,3.000000
13/04/2013 00:00:00,277.700000,0.020000,8.420000,0.000000,0.000000,0.000000,366.562500,249.822064,20.000000,147.857143,1.096774,0.109677,166.666667,16.666667,24.285714,10.000000,0.490323,2.851613,0.083333,0.083333,0.000000,0.416667,3.000000
14/04/2013 00:00:00,324.400000,0.020000,7.540000,0.000000,0.000000,0.000000,374.687500,259.430605,19.285714,150.714286,1.129032,0.112903,166.666667,16.666667,22.857143,10.000000,0.483871,2.790323,0.083333,0.083333,0.000000,0.416667,3.000000
15/04/2013 00:00:00,337.300000,0.020000,8.170000,0.000000,0.000000,0.000000,369.062500,247.686833,19.285714,153.571429,1.161290,0.116129,166.666667,16.666667,21.428571,9.285714,0.474194,2.725806,0.083333,0.083333,0.000000,0.416667,3.000000
16/04/2013 00:00:00,318.000000,0.020000,8.300000,0.000000,0.000000,0.000000,367.812500,242.348754,19.285714,155.714286,1.161290,0.116129,166.666667,16.666667,20.714286,8.571429,0.467742,2.651613,0.083333,0.083333,0.000000,0.416667,3.000000
17/04/2013 00:00:00,280.000000,0.020000,8.470000,0.000000,0.000000,0.000000,366.250000,242.348754,17.142857,161.428571,1.225806,0.122581,166.666667,16.666667,18.571429,7.857143,0.458065,2.561290,0.083333,0.083333,0.000000,0.416667,3.000000
18/04/2013 00:00:00,239.000000,0.020000,10.590000,0.000000,0.000000,0.000000,348.125000,232.384342,16.428571,167.142857,1.322581,0.132258,166.666667,16.666667,17.142857,7.142857,0.461290,2.538710,0.083333,0.083333,0.000000,0.416667,3.000000
19/04/2013 00:00:00,204.400000,0.020000,11.930000,0.000000,0.000000,0.000000,337.187500,244.483986,17.857143,167.857143,1.354839,0.135484,166.666667,16.666667,17.857143,7.857143,0.474194,2.625806,0.083333,0.083333,0.000000,0.416667,3.000000
20/04/2013 00:00:00,179.900000,0.020000,11.300000,0.000000,0.000000,0.000000,342.187500,236.654804,20.000000,166.428571,1.387097,0.138710,166.666667,16.666667,19.285714,8.571429,0.490323,2.722581,0.083333,0.083333,0.000000,0.416667,3.000000
21/04/2013 00:00:00,167.300000,0.020000,10.690000,0.000000,0.000000,0.000000,347.187500,237.010676,20.000000,161.428571,1.354839,0.135484,166.666667,16.666667,19.285714,7.857143,0.487097,2.693548,0.083333,0.083333,0.000000,0.416667,3.000000
22/04/2013 00:00:00,165.600000,0.020000,10.210000,0.000000,0.000000,0.000000,351.250000,235.231317,18.571429,155.000000,1.322581,0.132258,166.666667,16.666667,17.857143,7.857143,0.461290,2.548387,0.083333,0.083333,0.000000,0.416667,3.000000
23/04/2013 00:00:00,165.600000,0.020000,10.070000,0.000000,0.000000,0.000000,352.187500,229.537367,17.857143,150.714286,1.290323,0.129032,166.666667,16.666667,16.428571,7.142857,0.438710,2.396774,0.083333,0.083333,0.000000,0.416667,3.000000
24/04/2013 00:00:00,155.200000,0.020000,10.330000,0.000000,0.000000,0.000000,350.000000,225.978648,17.142857,151.428571,1.322581,0.132258,166.666667,16.666667,15.714286,7.142857,0.432258,2.348387,0.083333,0.083333,0.000000,0.416667,3.000000
25/04/2013 00:00:00,129.600000,0.020000,8.710000,0.000000,0.000000,0.000000,364.062500,225.622776,17.142857,156.428571,1.354839,0.135484,166.666667,16.666667,15.714286,7.142857,0.435484,2.332258,0.083333,0.083333,0.000000,0.416667,3.000000
26/04/2013 00:00:00,97.500000,0.020000,7.870000,0.000000,0.000000,0.000000,371.562500,201.067616,15.714286,166.428571,1.451613,0.145161,166.666667,16.666667,15.000000,6.428571,0.438710,2.319355,0.083333,0.083333,0.000000,0.416667,3.000000
27/04/2013 00:00:00,69.000000,0.020000,9.550000,0.000000,0.000000,0.000000,356.875000,187.188612,15.000000,175.000000,1.548387,0.154839,166.666667,16.666667,15.000000,6.428571,0.441935,2.283871,0.083333,0.083333,0.000000,0.416667,3.000000
28/04/2013 00:00:00,48.500000,0.020000,11.170000,0.000000,0.000000,0.000000,343.125000,193.594306,15.714286,181.428571,1.548387,0.154839,166.666667,16.666667,16.428571,7.142857,0.438710,2.277419,0.083333,0.083333,0.000000,0.416667,3.000000
29/04/2013 00:00:00,36.300000,0.020000,12.190000,0.000000,0.000000,0.000000,335.312500,202.846975,13.571429,188.571429,1.548387,0.154839,166.666667,16.666667,16.428571,7.142857,0.422581,2.161290,0.083333,0.083333,0.000000,0.416667,3.000000
30/04/2013 00:00:00,31.200000,0.020000,13.320000,0.000000,0.000000,0.000000,326.562500,193.238434,11.428571,190.000000,1.516129,0.151613,166.666667,16.666667,15.000000,6.428571,0.383871,1.925806,0.083333,0.083333,0.000000,0.416667,3.000000
01/05/2013 00:00:00,30.000000,0.020000,14.750000,0.000000,0.000000,0.000000,316.250000,197.508897,11.428571,186.428571,1.451613,0.145161,166.666667,16.666667,14.285714,6.428571,0.351613,1.719355,0.083333,0.083333,0.000000,0.416667,3.000000
02/05/2013 00:00:00,29.200000,0.020000,16.440000,0.000000,0.000000,0.000000,305.000000,191.103203,11.428571,184.285714,1.387097,0.138710,166.666667,16.666667,13.571429,5.714286,0.325806,1.564516,0.083333,0.083333,0.000000,0.416667,3.000000
03/05/2013 00:00:00,25.500000,0.020000,18.010000,0.000000,0.000000,0.000000,295.000000,156.939502,12.142857,184.285714,1.419355,0.141935,166.666667,16.666667,14.285714,6.428571,0.322581,1.522581,0.083333,0.083333,0.000000,0.416667,3.000000
04/05/2013 00:00:00,17.800000,0.020000,18.420000,0.000000,0.000000,0.000000,292.500000,124.199288,14.285714,179.285714,1.451613,0.145161,166.666667,16.666667,19.285714,7.857143,0.358065,1.764516,0.083333,0.083333,0.000000,0.416667,3.000000
05/05/2013 00:00:00,11.200000,0.020000,19.040000,0.000000,0.000000,0.000000,288.750000,123.843416,17.857143,158.571429,1.290323,0.129032,166.666667,16.666667,24.285714,10.714286,0.351613,1.790323,0.083333,0.083333,0.000000,0.416667,3.000000
06/05/2013 00:00:00,9.800000,0.020000,19.510000,0.000000,0.000000,0.000000,286.250000,121.352313,17.857143,152.142857,1.225806,0.122581,166.666667,16.666667,23.571429,10.000000,0.316129,1.577419,0.083333,0.083333,0.000000,0.416667,3.000000
07/05/2013 00:00:00,11.200000,0.020000,19.550000,0.000000,0.000000,0.000000,285.937500,120.284698,15.714286,152.857143,1.193548,0.119355,166.666667,16.666667,20.714286,8.571429,0.277419,1.329032,0.083333,0.083333,0.000000,0.416667,3.000000
08/05/2013 00:00:00,13.000000,0.020000,19.510000,0.000000,0.000000,0.000000,286.250000,135.587189,12.857143,160.714286,1.225806,0.122581,166.666667,16.666667,17.142857,7.142857,0.261290,1.190323,0.083333,0.083333,0.000000,0.416667,3.000000
09/05/2013 00:00:00,14.000000,0.020000,20.060000,0.000000,0.000000,0.000000,282.812500,127.402135,16.428571,160.714286,1.193548,0.119355,166.666667,16.666667,20.000000,8.571429,0.251613,1.145161,0.083333,0.083333,0.000000,0.416667,3.000000
10/05/2013 00:00:00,16.000000,0.020000,20.120000,0.000000,0.000000,0.000000,282.500000,94.306050,16.428571,299.285714,1.354839,0.135484,166.666667,16.666667,20.714286,8.571429,0.329032,1.609677,0.083333,0.083333,0.000000,0.416667,3.000000
11/05/2013 00:00:00,19.300000,0.020000,19.420000,0.000000,0.000000,0.000000,286.562500,131.672598,19.285714,344.285714,1.387097,0.138710,166.666667,16.666667,21.428571,9.285714,0.341935,1.683871,0.083333,0.083333,0.000000,0.416667,3.000000
12/05/2013 00:00:00,27.000000,0.020000,17.850000,0.000000,0.000000,0.000000,295.937500,204.982206,20.714286,367.857143,1.387097,0.138710,166.666667,16.666667,20.714286,8.571429,0.341935,1.677419,0.083333,0.083333,0.000000,0.416667,3.000000
13/05/2013 00:00:00,37.400000,0.020000,16.340000,0.000000,0.000000,0.000000,305.625000,212.811388,20.714286,378.571429,1.387097,0.138710,166.666667,16.666667,19.285714,8.571429,0.335484,1.641935,0.083333,0.083333,0.000000,0.416667,3.000000
14/05/2013 00:00:00,45.500000,0.020000,14.810000,0.000000,0.000000,0.000000,315.937500,221.708185,16.428571,388.571429,1.451613,0.145161,166.666667,16.666667,16.428571,7.142857,0.332258,1.583871,0.083333,0.083333,0.000000,0.416667,3.000000
15/05/2013 00:00:00,47.400000,0.020000,14.820000,0.000000,0.000000,0.000000,315.937500,215.658363,15.000000,392.142857,1.516129,0.151613,166.666667,16.666667,15.000000,6.428571,0.329032,1.541935,0.083333,0.083333,0.000000,0.416667,3.000000
16/05/2013 00:00:00,42.800000,0.020000,14.340000,0.000000,0.000000,0.000000,319.375000,195.729537,14.285714,387.142857,1.548387,0.154839,166.666667,16.666667,14.285714,6.428571,0.325806,1.493548,0.083333,0.083333,0.000000,0.416667,3.000000
17/05/2013 00:00:00,35.500000,0.020000,13.600000,0.000000,0.000000,0.000000,324.687500,196.441281,13.571429,372.142857,1.548387,0.154839,166.666667,16.666667,14.285714,5.714286,0.312903,1.403226,0.083333,0.083333,0.000000,0.416667,3.000000
18/05/2013 00:00:00,28.600000,0.020000,14.350000,0.000000,0.000000,0.000000,319.062500,203.914591,10.714286,357.142857,1.548387,0.154839,166.666667,16.666667,12.857143,5.714286,0.296774,1.296774,0.083333,0.083333,0.000000,0.416667,3.000000
19/05/2013 00:00:00,22.800000,0.020000,16.170000,0.000000,0.000000,0.000000,306.875000,207.829181,10.000000,336.428571,1.548387,0.154839,166.666667,16.666667,13.571429,5.714286,0.280645,1.187097,0.083333,0.083333,0.000000,0.416667,3.000000
20/05/2013 00:00:00,18.000000,0.020000,18.640000,0.000000,0.000000,0.000000,291.250000,195.373665,10.000000,317.857143,1.419355,0.141935,166.666667,16.666667,13.571429,5.714286,0.254839,1.064516,0.083333,0.083333,0.000000,0.416667,3.000000
21/05/2013 00:00:00,15.800000,0.020000,21.060000,0.000000,0.000000,0.000000,277.500000,176.512456,10.000000,312.142857,1.967742,0.196774,166.666667,16.666667,13.571429,5.714286,0.387097,1.706452,0.083333,0.083333,0.000000,0.416667,3.000000
22/05/2013 00:00:00,19.000000,0.020000,21.760000,0.000000,0.000000,0.000000,273.750000,180.782918,10.714286,317.142857,2.612903,0.261290,166.666667,16.666667,13.571429,5.714286,0.554839,2.545161,0.083333,0.083333,0.000000,0.416667,3.000000
23/05/2013 00:00:00,28.600000,0.020000,21.220000,0.000000,0.000000,0.000000,276.562500,185.409253,16.428571,322.142857,2.677419,0.267742,166.666667,16.666667,17.142857,7.142857,0.622581,2.980645,0.083333,0.083333,0.000000,0.416667,3.000000
24/05/2013 00:00:00,43.200000,0.020000,20.700000,0.000000,0.000000,0.000000,279.375000,182.206406,18.571429,308.571429,2.612903,0.261290,166.666667,16.666667,17.142857,7.142857,0.632258,3.074194,0.083333,0.083333,0.000000,0.416667,3.000000
25/05/2013 00:00:00,58.300000,0.020000,19.960000,0.000000,0.000000,0.000000,283.437500,171.174377,17.857143,300.714286,2.580645,0.258065,166.666667,16.666667,16.428571,7.142857,0.619355,3.012903,0.083333,0.083333,0.000000,0.416667,3.000000
26/05/2013 00:00:00,67.100000,0.020000,19.190000,0.000000,0.000000,0.000000,288.125000,161.921708,17.142857,295.000000,2.548387,0.254839,166.666667,16.666667,15.714286,6.428571,0.596774,2.880645,0.083333,0.083333,0.000000,0.416667,3.000000
27/05/2013 00:00:00,66.400000,0.020000,17.790000,0.000000,0.000000,0.000000,296.250000,154.804270,16.428571,290.714286,2.483871,0.248387,166.666667,16.666667,15.000000,6.428571,0.564516,2.690323,0.083333,0.083333,0.000000,0.416667,3.000000
28/05/2013 00:00:00,68.700000,0.020000,16.400000,0.000000,0.000000,0.000000,305.312500,152.669039,12.142857,285.714286,2.483871,0.248387,166.666667,16.666667,15.000000,6.428571,0.635484,3.158065,0.083333,0.083333,0.000000,0.416667,3.000000
29/05/2013 00:00:00,73.900000,0.020000,16.480000,0.000000,0.000000,0.000000,304.687500,162.277580,9.285714,297.857143,2.774194,0.277419,166.666667,16.666667,15.714286,6.428571,0.735484,3.709677,0.083333,0.083333,0.000000,0.416667,3.000000
30/05/2013 00:00:00,83.900000,0.020000,18.090000,0.000000,0.000000,0.000000,294.375000,158.007117,7.857143,298.571429,3.000000,0.300000,166.666667,16.666667,13.571429,5.714286,0.770968,3.854839,0.083333,0.083333,0.000000,0.416667,3.000000
31/05/2013 00:00:00,93.700000,0.020000,20.530000,0.000000,0.000000,0.000000,280.312500,188.256228,8.571429,292.142857,3.032258,0.303226,166.666667,16.666667,13.571429,5.714286,0.770968,3.845161,0.083333,0.083333,0.000000,0.416667,3.000000
01/06/2013 00:00:00,108.300000,0.020000,22.540000,0.000000,0.000000,0.000000,269.375000,193.594306,8.571429,271.428571,2.870968,0.287097,166.666667,16.666667,12.857143,5.714286,0.745161,3.745161,0.083333,0.083333,0.000000,0.416667,3.000000
02/06/2013 00:00:00,118.500000,0.020000,23.170000,0.000000,0.000000,0.000000,266.250000,191.103203,10.000000,247.142857,2.709677,0.270968,166.666667,16.666667,13.571429,5.714286,0.716129,3.612903,0.083333,0.083333,0.000000,0.416667,3.000000
03/06/2013 00:00:00,123.900000,0.020000,23.190000,0.000000,0.000000,0.000000,266.250000,184.341637,10.714286,236.428571,2.645161,0.264516,166.666667,16.666667,13.571429,5.714286,0.693548,3.500000,0.083333,0.083333,0.000000,0.416667,3.000000
04/06/2013 00:00:00,123.000000,0.020000,23.300000,0.000000,0.000000,0.000000,265.625000,208.185053,11.428571,232.142857,2.580645,0.258065,166.666667,16.666667,13.571429,5.714286,0.674194,3.380645,0.083333,0.083333,0.000000,0.416667,3.000000
05/06/2013 00:00:00,116.100000,0.020000,22.150000,0.000000,0.000000,0.000000,271.562500,218.505338,11.428571,230.000000,2.548387,0.254839,166.666667,16.666667,13.571429,5.714286,0.651613,3.261290,0.083333,0.083333,0.000000,0.416667,3.000000
06/06/2013 00:00:00,107.800000,0.020000,20.380000,0.000000,0.000000,0.000000,281.250000,222.419929,11.428571,225.714286,2.451613,0.245161,166.666667,16.666667,14.285714,5.714286,0.629032,3.145161,0.083333,0.083333,0.000000,0.416667,3.000000
07/06/2013 00:00:00,93.800000,0.020000,18.790000,0.000000,0.000000,0.000000,290.312500,227.402135,10.714286,225.714286,2.419355,0.241935,166.666667,16.666667,13.571429,5.714286,0.603226,2.980645,0.083333,0.083333,0.000000,0.416667,3.000000
08/06/2013 00:00:00,78.500000,0.020000,17.820000,0.000000,0.000000,0.000000,296.250000,229.181495,10.714286,225.714286,2.322581,0.232258,166.666667,16.666667,13.571429,5.714286,0.570968,2.800000,0.083333,0.083333,0.000000,0.416667,3.000000
09/06/2013 00:00:00,65.100000,0.020000,17.910000,0.000000,0.000000,0.000000,295.625000,238.790036,10.714286,225.000000,2.258065,0.225806,166.666667,16.666667,13.571429,5.714286,0.538710,2.616129,0.083333,0.083333,0.000000,0.416667,3.000000
10/06/2013 00:00:00,58.800000,0.020000,18.640000,0.000000,0.000000,0.000000,291.250000,243.772242,9.285714,214.285714,2.258065,0.225806,166.666667,16.666667,13.571429,5.714286,0.551613,2.709677,0.083333,0.083333,0.000000,0.416667,3.000000
11/06/2013 00:00:00,56.800000,0.020000,19.460000,0.000000,0.000000,0.000000,286.250000,244.839858,10.000000,202.857143,2.354839,0.235484,166.666667,16.666667,13.571429,5.714286,0.574194,2.816129,0.083333,0.083333,0.000000,0.416667,3.000000
12/06/2013 00:00:00,63.400000,0.020000,20.190000,0.000000,0.000000,0.000000,282.187500,241.281139,9.285714,185.000000,2.387097,0.238710,166.666667,16.666667,12.857143,5.714286,0.580645,2.845161,0.083333,0.083333,0.000000,0.416667,3.000000
13/06/2013 00:00:00,78.000000,0.020000,21.010000,0.000000,0.000000,0.000000,277.500000,243.772242,8.571429,172.857143,2.322581,0.232258,166.666667,16.666667,12.142857,5.000000,0.567742,2.774194,0.083333,0.083333,0.000000,0.416667,3.000000
14/06/2013 00:00:00,95.700000,0.020000,21.780000,0.000000,0.000000,0.000000,273.437500,246.975089,9.285714,165.714286,2.225806,0.222581,166.666667,16.666667,11.428571,5.000000,0.538710,2.619355,0.083333,0.083333,0.000000,0.416667,3.000000
15/06/2013 00:00:00,107.500000,0.020000,21.810000,0.000000,0.000000,0.000000,273.437500,245.195730,8.571429,164.285714,2.193548,0.219355,166.666667,16.666667,10.714286,4.285714,0.512903,2.461290,0.083333,0.083333,0.000000,0.416667,3.000000
16/06/2013 00:00:00,106.400000,0.020000,22.520000,0.000000,0.000000,0.000000,269.687500,237.722420,7.857143,164.285714,2.161290,0.216129,166.666667,16.666667,10.000000,4.285714,0.493548,2.348387,0.083333,0.083333,0.000000,0.416667,3.000000
17/06/2013 00:00:00,93.600000,0.020000,23.030000,0.000000,0.000000,0.000000,266.875000,243.416370,8.571429,164.285714,2.129032,0.212903,166.666667,16.666667,10.000000,4.285714,0.480645,2.267742,0.083333,0.083333,0.000000,0.416667,3.000000
18/06/2013 00:00:00,76.600000,0.020000,22.610000,0.000000,0.000000,0.000000,269.062500,251.601423,9.285714,163.571429,2.096774,0.209677,166.666667,16.666667,10.714286,5.000000,0.464516,2.183871,0.083333,0.083333,0.000000,0.416667,3.000000
19/06/2013 00:00:00,62.100000,0.020000,22.240000,0.000000,0.000000,0.000000,270.937500,251.957295,10.000000,165.000000,2.000000,0.200000,166.666667,16.666667,11.428571,5.000000,0.441935,2.064516,0.083333,0.083333,0.000000,0.416667,3.000000
20/06/2013 00:00:00,51.600000,0.020000,22.220000,0.000000,0.000000,0.000000,271.250000,254.448399,8.571429,170.714286,1.935484,0.193548,166.666667,16.666667,11.428571,5.000000,0.416129,1.912903,0.083333,0.083333,0.000000,0.416667,3.000000
21/06/2013 00:00:00,43.200000,0.020000,22.430000,0.000000,0.000000,0.000000,270.000000,252.313167,7.142857,179.285714,1.935484,0.193548,166.666667,16.666667,10.000000,4.285714,0.393548,1.774194,0.083333,0.083333,0.000000,0.416667,3.000000
22/06/2013 00:00:00,34.400000,0.020000,23.620000,0.000000,0.000000,0.000000,264.062500,252.669039,6.428571,186.428571,1.935484,0.193548,166.666667,16.666667,10.000000,4.285714,0.380645,1.683871,0.083333,0.083333,0.000000,0.416667,3.000000
23/06/2013 00:00:00,24.900000,0.020000,24.360000,0.000000,0.000000,0.000000,260.312500,253.024911,7.142857,192.857143,1.935484,0.193548,166.666667,16.666667,10.714286,5.000000,0.374194,1.635484,0.083333,0.083333,0.000000,0.416667,3.000000
24/06/2013 00:00:00,16.400000,0.020000,25.210000,0.000000,0.000000,0.000000,256.250000,256.227758,10.000000,200.000000,1.870968,0.187097,166.666667,16.666667,14.285714,6.428571,0.370968,1.629032,0.083333,0.083333,0.000000,0.416667,3.000000
25/06/2013 00:00:00,12.000000,0.020000,26.370000,0.000000,0.000000,0.000000,250.937500,254.448399,10.714286,207.857143,1.806452,0.180645,166.666667,16.666667,15.714286,6.428571,0.351613,1.554839,0.083333,0.083333,0.000000,0.416667,3.000000
26/06/2013 00:00:00,11.700000,0.020000,27.550000,0.000000,0.000000,0.000000,245.937500,246.975089,11.428571,205.000000,1.709677,0.170968,166.666667,16.666667,16.428571,7.142857,0.329032,1.425806,0.083333,0.083333,0.000000,0.416667,3.000000
27/06/2013 00:00:00,13.100000,0.020000,28.130000,0.000000,0.000000,0.000000,243.125000,249.466192,10.714286,255.714286,1.709677,0.170968,166.666667,16.666667,15.000000,6.428571,0.325806,1.403226,0.083333,0.083333,0.000000,0.416667,3.000000
28/06/2013 00:00:00,21.500000,0.020000,28.140000,0.000000,0.000000,0.000000,243.125000,258.007117,8.571429,240.000000,1.677419,0.167742,166.666667,16.666667,14.285714,5.714286,0.387097,1.845161,0.083333,0.083333,0.000000,0.416667,3.000000
29/06/2013 00:00:00,32.900000,0.020000,27.660000,0.000000,0.000000,0.000000,245.312500,259.786477,8.571429,262.857143,1.677419,0.167742,166.666667,16.666667,12.857143,5.714286,0.383871,1.825806,0.083333,0.083333,0.000000,0.416667,3.000000
30/06/2013 00:00:00,44.100000,0.020000,26.690000,0.000000,0.000000,0.000000,249.687500,266.903915,8.571429,270.714286,1.645161,0.164516,166.666667,16.666667,12.142857,5.000000,0.364516,1.703226,0.083333,0.083333,0.000000,0.416667,3.000000
01/07/2013 00:00:00,53.200000,0.020000,25.630000,0.000000,0.000000,0.000000,254.375000,262.277580,7.857143,270.714286,1.548387,0.154839,166.666667,16.666667,10.714286,5.000000,0.338710,1.567742,0.083333,0.083333,0.000000,0.416667,3.000000
02/07/2013 00:00:00,58.200000,0.020000,24.870000,0.000000,0.000000,0.000000,258.125000,257.651246,7.142857,266.428571,1.516129,0.151613,166.666667,16.666667,10.000000,4.285714,0.316129,1.438710,0.083333,0.083333,0.000000,0.416667,3.000000
03/07/2013 00:00:00,57.800000,0.020000,24.480000,0.000000,0.000000,0.000000,259.687500,255.871886,6.428571,257.857143,1.483871,0.148387,166.666667,16.666667,8.571429,3.571429,0.300000,1.351613,0.083333,0.083333,0.000000,0.416667,3.000000
04/07/2013 00:00:00,54.000000,0.020000,24.990000,0.000000,0.000000,0.000000,257.500000,250.177936,5.714286,243.571429,1.483871,0.148387,166.666667,16.666667,8.571429,3.571429,0.293548,1.303226,0.083333,0.083333,0.000000,0.416667,3.000000
05/07/2013 00:00:00,50.400000,0.020000,25.500000,0.000000,0.000000,0.000000,255.000000,249.466192,5.714286,228.571429,1.483871,0.148387,166.666667,16.666667,7.857143,3.571429,0.290323,1.270968,0.083333,0.083333,0.000000,0.416667,3.000000
06/07/2013 00:00:00,48.700000,0.020000,25.860000,0.000000,0.000000,0.000000,253.437500,249.822064,5.714286,217.142857,1.516129,0.151613,166.666667,16.666667,7.857143,3.571429,0.290323,1.251613,0.083333,0.083333,0.000000,0.416667,3.000000
07/07/2013 00:00:00,48.700000,0.020000,26.530000,0.000000,0.000000,0.000000,250.312500,260.142349,5.714286,207.857143,1.516129,0.151613,166.666667,16.666667,7.857143,3.571429,0.283871,1.225806,0.083333,0.083333,0.000000,0.416667,3.000000
08/07/2013 00:00:00,48.900000,0.020000,27.290000,0.000000,0.000000,0.000000,246.875000,248.042705,6.428571,197.142857,1.483871,0.148387,166.666667,16.666667,8.571429,3.571429,0.283871,1.225806,0.083333,0.083333,0.000000,0.416667,3.000000
09/07/2013 00:00:00,49.200000,0.020000,28.110000,0.000000,0.000000,0.000000,243.437500,236.654804,5.000000,188.571429,1.451613,0.145161,166.666667,16.666667,7.857143,3.571429,0.277419,1.190323,0.083333,0.083333,0.000000,0.416667,3.000000
10/07/2013 00:00:00,51.700000,0.020000,28.450000,0.000000,0.000000,0.000000,241.875000,233.807829,6.428571,170.714286,1.322581,0.132258,166.666667,16.666667,7.857143,3.571429,0.258065,1.125806,0.083333,0.083333,0.000000,0.416667,3.000000
11/07/2013 00:00:00,59.800000,0.020000,27.930000,0.000000,0.000000,0.000000,244.062500,243.060498,7.142857,155.714286,1.193548,0.119355,166.666667,16.666667,8.571429,3.571429,0.241935,1.077419,0.083333,0.083333,0.000000,0.416667,3.000000
12/07/2013 00:00:00,71.200000,0.020000,27.440000,0.000000,0.000000,0.000000,246.250000,236.654804,7.142857,150.000000,1.129032,0.112903,166.666667,16.666667,8.571429,3.571429,0.225806,1.012903,0.083333,0.083333,0.000000,0.416667,3.000000
13/07/2013 00:00:00,77.700000,0.020000,27.170000,0.000000,0.000000,0.000000,247.500000,234.163701,5.714286,152.142857,1.129032,0.112903,166.666667,16.666667,7.142857,2.857143,0.219355,0.961290,0.083333,0.083333,0.000000,0.416667,3.000000
14/07/2013 00:00:00,72.200000,0.030000,27.240000,0.000000,0.000000,0.000000,247.187500,222.775801,4.285714,156.428571,1.161290,0.116129,166.666667,16.666667,6.428571,2.857143,0.216129,0.919355,0.083333,0.083333,0.000000,0.416667,3.000000
15/07/2013 00:00:00,58.100000,0.030000,27.680000,0.000000,0.000000,0.000000,245.312500,218.149466,4.285714,158.571429,1.161290,0.116129,166.666667,16.666667,6.428571,2.857143,0.206452,0.864516,0.083333,0.083333,0.000000,0.416667,3.000000
16/07/2013 00:00:00,45.200000,0.030000,28.110000,0.000000,0.000000,0.000000,243.437500,217.081851,3.571429,154.285714,1.096774,0.109677,166.666667,16.666667,6.428571,2.857143,0.190323,0.770968,0.083333,0.083333,0.000000,0.416667,3.000000
17/07/2013 00:00:00,39.000000,0.030000,28.830000,0.000000,0.000000,0.000000,240.312500,200.000000,3.571429,147.142857,1.000000,0.100000,166.666667,16.666667,5.714286,2.857143,0.170968,0.670968,0.083333,0.083333,0.000000,0.416667,3.000000
18/07/2013 00:00:00,36.500000,0.030000,30.030000,0.000000,0.000000,0.000000,235.312500,182.562278,3.571429,146.428571,1.000000,0.100000,166.666667,16.666667,5.714286,2.142857,0.158065,0.612903,0.083333,0.083333,0.000000,0.416667,3.000000
19/07/2013 00:00:00,35.200000,0.030000,31.030000,0.000000,0.000000,0.000000,231.250000,187.188612,3.571429,154.285714,1.064516,0.106452,166.666667,16.666667,6.428571,2.857143,0.183871,0.761290,0.083333,0.083333,0.000000,0.416667,3.000000
20/07/2013 00:00:00,31.300000,0.030000,31.360000,0.000000,0.000000,0.000000,230.000000,201.067616,6.428571,161.428571,1.129032,0.112903,166.666667,16.666667,9.285714,4.285714,0.212903,0.919355,0.083333,0.083333,0.000000,0.416667,3.000000
21/07/2013 00:00:00,28.000000,0.030000,30.630000,0.000000,0.000000,0.000000,232.812500,209.964413,7.857143,161.428571,1.129032,0.112903,166.666667,16.666667,11.428571,5.000000,0.222581,0.967742,0.083333,0.083333,0.000000,0.416667,3.000000
22/07/2013 00:00:00,27.800000,0.030000,29.560000,0.000000,0.000000,0.000000,237.187500,203.202847,8.571429,162.142857,1.129032,0.112903,166.666667,16.666667,12.142857,5.000000,0.212903,0.919355,0.083333,0.083333,0.000000,0.416667,3.000000
23/07/2013 00:00:00,29.100000,0.020000,28.580000,0.000000,0.000000,0.000000,241.250000,219.217082,9.285714,163.571429,1.096774,0.109677,166.666667,16.666667,12.142857,5.000000,0.203226,0.861290,0.083333,0.083333,0.000000,0.416667,3.000000
24/07/2013 00:00:00,29.000000,0.020000,26.810000,0.000000,0.000000,0.000000,249.062500,227.402135,10.000000,169.285714,1.129032,0.112903,166.666667,16.666667,12.142857,5.000000,0.200000,0.825806,0.083333,0.083333,0.000000,0.416667,3.000000
25/07/2013 00:00:00,26.100000,0.020000,25.070000,0.000000,0.000000,0.000000,256.875000,241.637011,10.000000,172.857143,1.161290,0.116129,166.666667,16.666667,12.857143,5.714286,0.200000,0.806452,0.083333,0.083333,0.000000,0.416667,3.000000
26/07/2013 00:00:00,21.900000,0.020000,23.700000,0.000000,0.000000,0.000000,263.750000,248.754448,9.285714,176.428571,1.129032,0.112903,166.666667,16.666667,12.857143,5.714286,0.193548,0.770968,0.083333,0.083333,0.000000,0.416667,3.000000
27/07/2013 00:00:00,19.200000,0.020000,23.230000,0.000000,0.000000,0.000000,265.937500,259.074733,10.000000,157.857143,1.129032,0.112903,166.666667,16.666667,13.571429,5.714286,0.203226,0.848387,0.083333,0.083333,0.000000,0.416667,3.000000
28/07/2013 00:00:00,20.500000,0.020000,22.900000,0.000000,0.000000,0.000000,267.812500,266.192171,10.714286,143.571429,1.129032,0.112903,166.666667,16.666667,13.571429,5.714286,0.212903,0.909677,0.083333,0.083333,0.000000,0.416667,3.000000
29/07/2013 00:00:00,25.400000,0.020000,22.490000,0.000000,0.000000,0.000000,269.687500,263.345196,10.000000,142.142857,1.129032,0.112903,166.666667,16.666667,12.142857,5.000000,0.212903,0.906452,0.083333,0.083333,0.000000,0.416667,3.000000
30/07/2013 00:00:00,30.400000,0.020000,22.120000,0.000000,0.000000,0.000000,271.562500,260.854093,9.285714,145.000000,1.161290,0.116129,166.666667,16.666667,11.428571,5.000000,0.209677,0.890323,0.083333,0.083333,0.000000,0.416667,3.000000
31/07/2013 00:00:00,34.000000,0.020000,22.430000,0.000000,0.000000,0.000000,270.000000,265.124555,8.571429,137.857143,1.322581,0.132258,166.666667,16.666667,10.714286,4.285714,0.258065,1.132258,0.083333,0.083333,0.000000,0.416667,3.000000
01/08/2013 00:00:00,40.300000,0.020000,22.850000,0.000000,0.000000,0.000000,267.812500,272.241993,8.571429,124.285714,1.516129,0.151613,166.666667,16.666667,10.000000,4.285714,0.319355,1.458065,0.083333,0.083333,0.000000,0.416667,3.000000
02/08/2013 00:00:00,55.200000,0.020000,23.080000,0.000000,0.000000,0.000000,266.875000,280.427046,7.857143,115.000000,1.645161,0.164516,166.666667,16.666667,9.285714,4.285714,0.351613,1.622581,0.083333,0.083333,0.000000,0.416667,3.000000
03/08/2013 00:00:00,78.100000,0.020000,22.820000,0.000000,0.000000,0.000000,268.125000,282.206406,7.857143,106.428571,1.612903,0.161290,166.666667,16.666667,8.571429,3.571429,0.348387,1.622581,0.083333,0.083333,0.000000,0.416667,3.000000
04/08/2013 00:00:00,103.200000,0.020000,22.890000,0.000000,0.000000,0.000000,267.812500,282.562278,7.857143,100.714286,1.548387,0.154839,166.666667,16.666667,8.571429,3.571429,0.332258,1.545161,0.083333,0.083333,0.000000,0.416667,3.000000
05/08/2013 00:00:00,121.800000,0.020000,22.720000,0.000000,0.000000,0.000000,268.437500,281.850534,7.142857,97.142857,1.451613,0.145161,166.666667,16.666667,7.857143,3.571429,0.312903,1.448387,0.083333,0.083333,0.000000,0.416667,3.000000
06/08/2013 00:00:00,126.300000,0.020000,22.930000,0.000000,0.000000,0.000000,267.500000,257.651246,5.714286,97.857143,1.419355,0.141935,166.666667,16.666667,7.142857,2.857143,0.296774,1.341935,0.083333,0.083333,0.000000,0.416667,3.000000
07/08/2013 00:00:00,116.300000,0.020000,23.550000,0.000000,0.000000,0.000000,264.375000,244.128114,5.000000,100.000000,1.387097,0.138710,166.666667,16.666667,6.428571,2.857143,0.277419,1.225806,0.083333,0.083333,0.000000,0.416667,3.000000
08/08/2013 00:00:00,95.800000,0.020000,24.100000,0.000000,0.000000,0.000000,261.562500,240.569395,5.000000,102.857143,1.354839,0.135484,166.666667,16.666667,6.428571,2.857143,0.258065,1.125806,0.083333,0.083333,0.000000,0.416667,3.000000
09/08/2013 00:00:00,73.600000,0.020000,24.420000,0.000000,0.000000,0.000000,260.000000,219.928826,5.000000,106.428571,1.322581,0.132258,166.666667,16.666667,6.428571,2.857143,0.241935,1.029032,0.083333,0.083333,0.000000,0.416667,3.000000
10/08/2013 00:00:00,54.600000,0.020000,24.100000,0.000000,0.000000,0.000000,261.562500,191.459075,6.428571,110.000000,1.290323,0.129032,166.666667,16.666667,7.857143,3.571429,0.225806,0.935484,0.083333,0.083333,0.000000,0.416667,3.000000
11/08/2013 00:00:00,40.700000,0.020000,23.810000,0.000000,0.000000,0.000000,263.125000,177.935943,7.142857,115.000000,1.225806,0.122581,166.666667,16.666667,8.571429,3.571429,0.209677,0.838710,0.083333,0.083333,0.000000,0.416667,3.000000
12/08/2013 00:00:00,31.500000,0.020000,24.220000,0.000000,0.000000,0.000000,260.937500,179.715302,8.571429,120.714286,1.161290,0.116129,166.666667,16.666667,10.000000,4.285714,0.193548,0.748387,0.083333,0.083333,0.000000,0.416667,3.000000
13/08/2013 00:00:00,26.700000,0.020000,23.990000,0.000000,0.000000,0.000000,262.187500,186.476868,9.285714,124.285714,1.096774,0.109677,166.666667,16.666667,11.428571,5.000000,0.177419,0.690323,0.083333,0.083333,0.000000,0.416667,3.000000
14/08/2013 00:00:00,24.700000,0.020000,22.820000,0.000000,0.000000,0.000000,268.125000,184.341637,10.714286,126.428571,1.064516,0.106452,166.666667,16.666667,12.857143,5.714286,0.167742,0.638710,0.083333,0.083333,0.000000,0.416667,3.000000
15/08/2013 00:00:00,23.800000,0.020000,21.680000,0.000000,0.000000,0.000000,274.062500,198.576512,10.000000,131.428571,1.032258,0.103226,166.666667,16.666667,12.142857,5.000000,0.161290,0.606452,0.083333,0.083333,0.000000,0.416667,3.000000
16/08/2013 00:00:00,23.000000,0.020000,21.170000,0.000000,0.000000,0.000000,276.875000,202.846975,10.000000,132.857143,1.000000,0.100000,166.666667,16.666667,12.857143,5.714286,0.151613,0.564516,0.083333,0.083333,0.000000,0.416667,3.000000
17/08/2013 00:00:00,22.200000,0.020000,21.580000,0.000000,0.000000,0.000000,274.687500,210.320285,9.285714,135.714286,0.967742,0.096774,166.666667,16.666667,12.142857,5.000000,0.145161,0.532258,0.083333,0.083333,0.000000,0.416667,3.000000
18/08/2013 00:00:00,21.600000,0.020000,22.330000,0.000000,0.000000,0.000000,270.625000,207.829181,9.285714,141.428571,1.000000,0.100000,166.666667,16.666667,12.142857,5.000000,0.148387,0.532258,0.083333,0.083333,0.000000,0.416667,3.000000
19/08/2013 00:00:00,20.700000,0.020000,22.590000,0.000000,0.000000,0.000000,269.375000,221.352313,8.571429,142.857143,0.967742,0.096774,166.666667,16.666667,11.428571,5.000000,0.141935,0.496774,0.083333,0.083333,0.000000,0.416667,3.000000
20/08/2013 00:00:00,19.100000,0.020000,22.950000,0.000000,0.000000,0.000000,267.500000,216.725979,6.428571,151.428571,1.032258,0.103226,166.666667,16.666667,10.000000,4.285714,0.145161,0.506452,0.083333,0.083333,0.000000,0.416667,3.000000
21/08/2013 00:00:00,17.100000,0.020000,24.130000,0.000000,0.000000,0.000000,261.562500,217.793594,7.142857,162.857143,1.193548,0.119355,166.666667,16.666667,10.000000,4.285714,0.167742,0.567742,0.083333,0.083333,0.000000,0.416667,3.000000
22/08/2013 00:00:00,14.400000,0.020000,25.200000,0.000000,0.000000,0.000000,256.250000,211.387900,11.428571,144.285714,1.000000,0.100000,166.666667,16.666667,15.714286,6.428571,0.141935,0.490323,0.083333,0.083333,0.000000,0.416667,3.000000
23/08/2013 00:00:00,12.300000,0.020000,25.350000,0.000000,0.000000,0.000000,255.625000,209.252669,12.142857,147.142857,1.000000,0.100000,166.666667,16.666667,15.714286,7.142857,0.141935,0.493548,0.083333,0.083333,0.000000,0.416667,3.000000
24/08/2013 00:00:00,12.900000,0.020000,25.150000,0.000000,0.000000,0.000000,256.562500,223.843416,11.428571,151.428571,1.000000,0.100000,166.666667,16.666667,15.000000,6.428571,0.145161,0.493548,0.083333,0.083333,0.000000,0.416667,3.000000
25/08/2013 00:00:00,13.700000,0.020000,25.070000,0.000000,0.000000,0.000000,256.875000,225.622776,7.857143,163.571429,1.129032,0.112903,166.666667,16.666667,12.142857,5.000000,0.154839,0.529032,0.083333,0.083333,0.000000,0.416667,3.000000
26/08/2013 00:00:00,13.800000,0.020000,25.410000,0.000000,0.000000,0.000000,255.312500,266.548043,7.857143,165.000000,1.193548,0.119355,166.666667,16.666667,11.428571,5.000000,0.167742,0.564516,0.083333,0.083333,0.000000,0.416667,3.000000
27/08/2013 00:00:00,12.800000,0.020000,25.900000,0.000000,0.000000,0.000000,253.125000,271.530249,7.857143,174.285714,1.290323,0.129032,166.666667,16.666667,12.142857,5.000000,0.183871,0.622581,0.083333,0.083333,0.000000,0.416667,3.000000
28/08/2013 00:00:00,11.500000,0.020000,25.870000,0.000000,0.000000,0.000000,253.437500,272.953737,8.571429,180.000000,1.322581,0.132258,166.666667,16.666667,12.857143,5.714286,0.187097,0.638710,0.083333,0.083333,0.000000,0.416667,3.000000
29/08/2013 00:00:00,10.900000,0.020000,26.120000,0.000000,0.000000,0.000000,252.187500,279.359431,9.285714,174.285714,1.258065,0.125806,166.666667,16.666667,13.571429,5.714286,0.177419,0.600000,0.083333,0.083333,0.000000,0.416667,3.000000
30/08/2013 00:00:00,11.100000,0.020000,26.810000,0.000000,0.000000,0.000000,249.062500,275.444840,8.571429,169.285714,1.225806,0.122581,166.666667,16.666667,12.857143,5.714286,0.174194,0.587097,0.083333,0.083333,0.000000,0.416667,3.000000
31/08/2013 00:00:00,11.500000,0.020000,27.580000,0.000000,0.000000,0.000000,245.625000,278.291815,9.285714,167.857143,1.225806,0.122581,166.666667,16.666667,12.857143,5.714286,0.170968,0.580645,0.083333,0.083333,0.000000,0.416667,3.000000
01/09/2013 00:00:00,12.200000,0.020000,27.750000,0.000000,0.000000,0.000000,245.000000,277.935943,9.285714,157.142857,1.258065,0.125806,166.666667,16.666667,12.857143,5.714286,0.187097,0.677419,0.083333,0.083333,0.000000,0.416667,3.000000
02/09/2013 00:00:00,14.000000,0.020000,27.540000,0.000000,0.000000,0.000000,245.937500,293.594306,10.000000,147.857143,1.258065,0.125806,166.666667,16.666667,12.857143,5.714286,0.193548,0.732258,0.083333,0.083333,0.000000,0.416667,3.000000
03/09/2013 00:00:00,17.600000,0.020000,26.250000,0.000000,0.000000,0.000000,251.562500,302.846975,8.571429,149.285714,1.258065,0.125806,166.666667,16.666667,11.428571,5.000000,0.200000,0.751613,0.083333,0.083333,0.000000,0.416667,3.000000
04/09/2013 00:00:00,22.300000,0.020000,25.560000,0.000000,0.000000,0.000000,254.687500,306.049822,10.000000,147.857143,1.258065,0.125806,166.666667,16.666667,11.428571,5.000000,0.196774,0.748387,0.083333,0.083333,0.000000,0.416667,3.000000
05/09/2013 00:00:00,25.600000,0.020000,23.850000,0.000000,0.000000,0.000000,262.812500,297.864769,11.428571,148.571429,1.225806,0.122581,166.666667,16.666667,12.142857,5.000000,0.193548,0.722581,0.083333,0.083333,0.000000,0.416667,3.000000
06/09/2013 00:00:00,26.400000,0.020000,22.230000,0.000000,0.000000,0.000000,271.250000,294.306050,10.714286,155.000000,1.225806,0.122581,166.666667,16.666667,12.142857,5.000000,0.187097,0.693548,0.083333,0.083333,0.000000,0.416667,3.000000
07/09/2013 00:00:00,25.900000,0.020000,21.210000,0.000000,0.000000,0.000000,276.562500,234.875445,10.000000,157.857143,1.225806,0.122581,166.666667,16.666667,11.428571,5.000000,0.190323,0.712903,0.083333,0.083333,0.000000,0.416667,3.000000
08/09/2013 00:00:00,24.900000,0.020000,20.270000,0.000000,0.000000,0.000000,281.875000,218.861210,10.000000,160.000000,1.193548,0.119355,166.666667,16.666667,11.428571,5.000000,0.187097,0.703226,0.083333,0.083333,0.000000,0.416667,3.000000
09/09/2013 00:00:00,23.100000,0.020000,19.490000,0.000000,0.000000,0.000000,286.250000,196.797153,7.142857,167.857143,1.225806,0.122581,166.666667,16.666667,10.000000,4.285714,0.187097,0.690323,0.083333,0.083333,0.000000,0.416667,3.000000
10/09/2013 00:00:00,20.200000,0.020000,21.240000,0.000000,0.000000,0.000000,276.562500,166.548043,5.000000,174.285714,1.322581,0.132258,166.666667,16.666667,8.571429,3.571429,0.193548,0.687097,0.083333,0.083333,0.000000,0.416667,3.000000
11/09/2013 00:00:00,17.400000,0.020000,22.310000,0.000000,0.000000,0.000000,270.625000,148.398577,7.142857,148.571429,1.322581,0.132258,166.666667,16.666667,10.000000,4.285714,0.203226,0.761290,0.083333,0.083333,0.000000,0.416667,3.000000
12/09/2013 00:00:00,17.300000,0.020000,23.090000,0.000000,0.000000,0.000000,266.562500,134.875445,11.428571,123.571429,1.225806,0.122581,166.666667,16.666667,13.571429,5.714286,0.206452,0.812903,0.083333,0.083333,0.000000,0.416667,3.000000
13/09/2013 00:00:00,21.400000,0.020000,22.960000,0.000000,0.000000,0.000000,267.500000,95.017794,13.571429,121.428571,1.193548,0.119355,166.666667,16.666667,13.571429,5.714286,0.200000,0.780645,0.083333,0.083333,0.000000,0.416667,3.000000
14/09/2013 00:00:00,27.500000,0.020000,22.200000,0.000000,0.000000,0.000000,271.250000,95.729537,12.857143,127.142857,1.193548,0.119355,166.666667,16.666667,12.857143,5.714286,0.190323,0.735484,0.083333,0.083333,0.000000,0.416667,3.000000
15/09/2013 00:00:00,31.600000,0.020000,21.980000,0.000000,0.000000,0.000000,272.500000,97.153025,12.142857,132.142857,1.161290,0.116129,166.666667,16.666667,12.142857,5.000000,0.180645,0.687097,0.083333,0.083333,0.000000,0.416667,3.000000
16/09/2013 00:00:00,32.600000,0.020000,20.990000,0.000000,0.000000,0.000000,277.812500,108.185053,14.285714,132.857143,1.129032,0.112903,166.666667,16.666667,13.571429,5.714286,0.174194,0.645161,0.083333,0.083333,0.000000,0.416667,3.000000
17/09/2013 00:00:00,31.600000,0.020000,18.310000,0.000000,0.000000,0.000000,293.125000,59.074733,13.571429,138.571429,1.096774,0.109677,166.666667,16.666667,13.571429,5.714286,0.167742,0.609677,0.083333,0.083333,0.000000,0.416667,3.000000
18/09/2013 00:00:00,29.200000,0.020000,16.580000,0.000000,0.000000,0.000000,304.062500,2.846975,12.142857,145.714286,1.096774,0.109677,166.666667,16.666667,12.857143,5.714286,0.161290,0.583871,0.083333,0.083333,0.000000,0.416667,3.000000
19/09/2013 00:00:00,26.000000,0.020000,16.370000,0.000000,0.000000,0.000000,305.312500,16.370107,9.285714,155.000000,1.096774,0.109677,166.666667,16.666667,11.428571,5.000000,0.158065,0.564516,0.083333,0.083333,0.000000,0.416667,3.000000
20/09/2013 00:00:00,26.700000,0.020000,17.650000,0.000000,0.000000,0.000000,297.187500,29.181495,7.857143,127.857143,1.451613,0.145161,166.666667,16.666667,10.000000,4.285714,0.274194,1.177419,0.083333,0.083333,0.000000,0.416667,3.000000
21/09/2013 00:00:00,44.200000,0.020000,18.080000,0.000000,0.000000,0.000000,294.687500,41.992883,7.857143,95.000000,1.645161,0.164516,166.666667,16.666667,10.000000,4.285714,0.370968,1.754839,0.083333,0.083333,0.000000,0.416667,3.000000
22/09/2013 00:00:00,79.900000,0.020000,17.480000,0.000000,0.000000,0.000000,298.437500,54.804270,8.571429,92.857143,1.838710,0.183871,166.666667,16.666667,9.285714,4.285714,0.412903,1.948387,0.083333,0.083333,0.000000,0.416667,3.000000
23/09/2013 00:00:00,124.400000,0.020000,17.820000,0.000000,0.000000,0.000000,296.250000,67.615658,8.571429,93.571429,1.903226,0.190323,166.666667,16.666667,9.285714,4.285714,0.425806,2.012903,0.083333,0.083333,0.000000,0.416667,3.000000
24/09/2013 00:00:00,160.500000,0.020000,18.050000,0.000000,0.000000,0.000000,294.687500,64.056940,8.571429,95.714286,1.935484,0.193548,166.666667,16.666667,9.285714,3.571429,0.429032,2.006452,0.083333,0.083333,0.000000,0.416667,3.000000
25/09/2013 00:00:00,179.000000,0.020000,17.910000,0.000000,0.000000,0.000000,295.625000,92.170819,8.571429,97.857143,1.935484,0.193548,166.666667,16.666667,8.571429,3.571429,0.422581,1.961290,0.083333,0.083333,0.000000,0.416667,3.000000
26/09/2013 00:00:00,179.800000,0.020000,17.610000,0.000000,0.000000,0.000000,297.500000,166.548043,8.571429,100.000000,1.935484,0.193548,166.666667,16.666667,8.571429,3.571429,0.412903,1.896774,0.083333,0.083333,0.000000,0.416667,3.000000
27/09/2013 00:00:00,166.900000,0.020000,16.680000,0.000000,0.000000,0.000000,303.437500,115.658363,8.571429,102.857143,1.903226,0.190323,166.666667,16.666667,8.571429,3.571429,0.400000,1.816129,0.083333,0.083333,0.000000,0.416667,3.000000
28/09/2013 00:00:00,145.200000,0.020000,16.840000,0.000000,0.000000,0.000000,302.500000,141.281139,7.857143,108.571429,1.903226,0.190323,166.666667,16.666667,7.857143,3.571429,0.383871,1.712903,0.083333,0.083333,0.000000,0.416667,3.000000
29/09/2013 00:00:00,120.400000,0.020000,17.800000,0.000000,0.000000,0.000000,296.250000,108.540925,6.428571,115.000000,1.870968,0.187097,166.666667,16.666667,7.142857,2.857143,0.364516,1.593548,0.083333,0.083333,0.000000,0.416667,3.000000
30/09/2013 00:00:00,97.200000,0.020000,18.620000,0.000000,0.000000,0.000000,291.250000,87.900356,6.428571,118.571429,1.838710,0.183871,166.666667,16.666667,7.857143,3.571429,0.345161,1.470968,0.083333,0.083333,0.000000,0.416667,3.000000
01/10/2013 00:00:00,78.500000,0.020000,19.710000,0.000000,0.000000,0.000000,285.000000,56.583630,6.428571,122.142857,1.741935,0.174194,166.666667,16.666667,7.857143,3.571429,0.319355,1.338710,0.083333,0.083333,0.000000,0.416667,3.000000
02/10/2013 00:00:00,64.700000,0.020000,20.280000,0.000000,0.000000,0.000000,281.562500,52.669039,7.857143,124.285714,1.677419,0.167742,166.666667,16.666667,8.571429,3.571429,0.293548,1.216129,0.083333,0.083333,0.000000,0.416667,3.000000
03/10/2013 00:00:00,55.600000,0.020000,19.960000,0.000000,0.000000,0.000000,283.437500,62.633452,8.571429,127.142857,1.548387,0.154839,166.666667,16.666667,9.285714,4.285714,0.277419,1.138710,0.083333,0.083333,0.000000,0.416667,3.000000
04/10/2013 00:00:00,48.600000,0.020000,20.550000,0.000000,0.000000,0.000000,280.312500,63.701068,9.285714,132.857143,1.483871,0.148387,166.666667,16.666667,10.000000,4.285714,0.267742,1.119355,0.083333,0.083333,0.000000,0.416667,3.000000
05/10/2013 00:00:00,47.800000,0.020000,20.550000,0.000000,0.000000,0.000000,280.312500,19.928826,8.571429,132.142857,1.419355,0.141935,166.666667,16.666667,11.428571,5.000000,0.277419,1.222581,0.083333,0.083333,0.000000,0.416667,3.000000
06/10/2013 00:00:00,51.300000,0.020000,21.210000,0.000000,0.000000,0.000000,276.562500,14.234875,10.000000,130.000000,1.516129,0.151613,166.666667,16.666667,12.142857,5.000000,0.332258,1.551613,0.083333,0.083333,0.000000,0.416667,3.000000
07/10/2013 00:00:00,61.200000,0.020000,20.730000,0.000000,0.000000,0.000000,279.062500,11.387900,12.142857,127.142857,1.677419,0.167742,166.666667,16.666667,14.285714,5.714286,0.393548,1.906452,0.083333,0.083333,0.000000,0.416667,3.000000
08/10/2013 00:00:00,82.800000,0.020000,19.740000,0.000000,0.000000,0.000000,284.687500,7.117438,12.857143,123.571429,1.741935,0.174194,166.666667,16.666667,14.285714,6.428571,0.419355,2.035484,0.083333,0.083333,0.000000,0.416667,3.000000
09/10/2013 00:00:00,111.400000,0.020000,19.120000,0.000000,0.000000,0.000000,288.437500,6.761566,12.857143,119.285714,1.774194,0.177419,166.666667,16.666667,13.571429,5.714286,0.419355,2.016129,0.083333,0.083333,0.000000,0.416667,3.000000
10/10/2013 00:00:00,132.900000,0.020000,19.220000,0.000000,0.000000,0.000000,287.812500,28.113879,12.142857,117.142857,1.774194,0.177419,166.666667,16.666667,12.142857,5.000000,0.403226,1.929032,0.083333,0.083333,0.000000,0.416667,3.000000
11/10/2013 00:00:00,138.000000,0.020000,18.470000,0.000000,0.000000,0.000000,292.187500,33.451957,11.428571,115.714286,1.741935,0.174194,166.666667,16.666667,11.428571,5.000000,0.387097,1.825806,0.083333,0.083333,0.000000,0.416667,3.000000
12/10/2013 00:00:00,127.700000,0.020000,18.230000,0.000000,0.000000,0.000000,293.750000,35.231317,10.000000,117.142857,1.741935,0.174194,166.666667,16.666667,10.714286,4.285714,0.370968,1.716129,0.083333,0.083333,0.000000,0.416667,3.000000
13/10/2013 00:00:00,110.000000,0.020000,17.270000,0.000000,0.000000,0.000000,299.687500,24.911032,10.714286,118.571429,1.677419,0.167742,166.666667,16.666667,10.714286,5.000000,0.354839,1.625806,0.083333,0.083333,0.000000,0.416667,3.000000
14/10/2013 00:00:00,92.800000,0.020000,16.920000,0.000000,0.000000,0.000000,301.875000,20.640569,12.142857,119.285714,1.645161,0.164516,166.666667,16.666667,12.142857,5.000000,0.338710,1.532258,0.083333,0.083333,0.000000,0.416667,3.000000
15/10/2013 00:00:00,80.200000,0.020000,17.050000,0.000000,0.000000,0.000000,300.937500,35.943060,12.857143,122.142857,1.548387,0.154839,166.666667,16.666667,12.857143,5.714286,0.319355,1.432258,0.083333,0.083333,0.000000,0.416667,3.000000
16/10/2013 00:00:00,70.700000,0.020000,17.390000,0.000000,0.000000,0.000000,298.750000,53.736655,13.571429,125.714286,1.483871,0.148387,166.666667,16.666667,13.571429,5.714286,0.303226,1.351613,0.083333,0.083333,0.000000,0.416667,3.000000
17/10/2013 00:00:00,64.400000,0.020000,17.310000,0.000000,0.000000,0.000000,299.375000,63.345196,12.857143,131.428571,1.451613,0.145161,166.666667,16.666667,13.571429,5.714286,0.293548,1.309677,0.083333,0.083333,0.000000,0.416667,3.000000
18/10/2013 00:00:00,59.000000,0.020000,16.960000,0.000000,0.000000,0.000000,301.562500,70.818505,13.571429,137.142857,1.451613,0.145161,166.666667,16.666667,13.571429,5.714286,0.287097,1.261290,0.083333,0.083333,0.000000,0.416667,3.000000
19/10/2013 00:00:00,56.400000,0.020000,15.800000,0.000000,0.000000,0.000000,309.062500,12.811388,13.571429,145.714286,1.483871,0.148387,166.666667,16.666667,13.571429,5.714286,0.290323,1.277419,0.083333,0.083333,0.000000,0.416667,3.000000
20/10/2013 00:00:00,56.300000,0.020000,14.750000,0.000000,0.000000,0.000000,316.250000,66.903915,14.285714,152.857143,1.516129,0.151613,166.666667,16.666667,14.285714,6.428571,0.293548,1.287097,0.083333,0.083333,0.000000,0.416667,3.000000
21/10/2013 00:00:00,58.800000,0.020000,14.670000,0.000000,0.000000,0.000000,316.875000,90.747331,15.714286,156.428571,1.548387,0.154839,166.666667,16.666667,15.000000,6.428571,0.300000,1.325806,0.083333,0.083333,0.000000,0.416667,3.000000
22/10/2013 00:00:00,61.100000,0.020000,13.470000,0.000000,0.000000,0.000000,325.625000,10.676157,17.142857,157.142857,1.516129,0.151613,166.666667,16.666667,15.714286,6.428571,0.300000,1.319355,0.083333,0.083333,0.000000,0.416667,3.000000
23/10/2013 00:00:00,61.800000,0.020000,11.760000,0.000000,0.000000,0.000000,338.437500,11.387900,17.857143,154.285714,1.483871,0.148387,166.666667,16.666667,16.428571,7.142857,0.290323,1.277419,0.083333,0.083333,0.000000,0.416667,3.000000
24/10/2013 00:00:00,60.400000,0.020000,10.280000,0.000000,0.000000,0.000000,350.625000,22.775801,18.571429,149.285714,1.451613,0.145161,166.666667,16.666667,16.428571,7.142857,0.277419,1.219355,0.083333,0.083333,0.000000,0.416667,3.000000
25/10/2013 00:00:00,58.200000,0.020000,9.350000,0.000000,0.000000,0.000000,358.437500,31.316726,19.285714,142.142857,1.387097,0.138710,166.666667,16.666667,17.142857,7.142857,0.267742,1.164516,0.083333,0.083333,0.000000,0.416667,3.000000
26/10/2013 00:00:00,58.400000,0.020000,9.100000,0.000000,0.000000,0.000000,360.625000,34.163701,17.857143,141.428571,1.419355,0.141935,166.666667,16.666667,16.428571,7.142857,0.277419,1.225806,0.083333,0.083333,0.000000,0.416667,3.000000
27/10/2013 00:00:00,61.800000,0.020000,8.690000,0.000000,0.000000,0.000000,364.375000,24.911032,17.142857,138.571429,1.451613,0.145161,166.666667,16.666667,15.714286,6.428571,0.287097,1.274194,0.083333,0.083333,0.000000,0.416667,3.000000
28/10/2013 00:00:00,67.700000,0.020000,7.460000,0.000000,0.000000,0.000000,375.625000,18.505338,17.142857,132.142857,1.451613,0.145161,166.666667,16.666667,15.714286,7.142857,0.290323,1.290323,0.083333,0.083333,0.000000,0.416667,3.000000
29/10/2013 00:00:00,74.200000,0.020000,7.090000,0.000000,0.000000,0.000000,378.750000,69.039146,15.714286,127.857143,1.451613,0.145161,166.666667,16.666667,15.000000,6.428571,0.283871,1.261290,0.083333,0.083333,0.000000,0.416667,3.000000
30/10/2013 00:00:00,79.000000,0.020000,7.610000,0.000000,0.000000,0.000000,374.062500,83.985765,13.571429,127.142857,1.419355,0.141935,166.666667,16.666667,13.571429,5.714286,0.280645,1.235484,0.083333,0.083333,0.000000,0.416667,3.000000
31/10/2013 00:00:00,85.700000,0.020000,8.880000,0.000000,0.000000,0.000000,362.500000,87.188612,11.428571,128.571429,1.548387,0.154839,166.666667,16.666667,12.142857,5.000000,0.306452,1.354839,0.083333,0.083333,0.000000,0.416667,3.000000
01/11/2013 00:00:00,99.000000,0.020000,9.750000,0.000000,0.000000,0.000000,355.000000,120.640569,10.714286,125.714286,1.645161,0.164516,166.666667,16.666667,11.428571,5.000000,0.332258,1.474194,0.083333,0.083333,0.000000,0.416667,3.000000
02/11/2013 00:00:00,120.800000,0.020000,9.590000,0.000000,0.000000,0.000000,356.250000,104.270463,10.714286,118.571429,1.677419,0.167742,166.666667,16.666667,11.428571,5.000000,0.341935,1.525806,0.083333,0.083333,0.000000,0.416667,3.000000
03/11/2013 00:00:00,145.800000,0.020000,8.890000,0.000000,0.000000,0.000000,362.500000,94.306050,10.714286,110.000000,1.645161,0.164516,166.666667,16.666667,11.428571,5.000000,0.332258,1.490323,0.083333,0.083333,0.000000,0.416667,3.000000
04/11/2013 00:00:00,163.000000,0.020000,8.370000,0.000000,0.000000,0.000000,367.187500,81.494662,10.714286,103.571429,1.580645,0.158065,166.666667,16.666667,10.714286,4.285714,0.319355,1.416129,0.083333,0.083333,0.000000,0.416667,3.000000
05/11/2013 00:00:00,164.400000,0.020000,8.970000,0.000000,0.000000,0.000000,361.875000,83.985765,10.000000,100.714286,1.548387,0.154839,166.666667,16.666667,10.000000,4.285714,0.303226,1.332258,0.083333,0.083333,0.000000,0.416667,3.000000
06/11/2013 00:00:00,153.500000,0.020000,9.610000,0.000000,0.000000,0.000000,356.250000,96.797153,10.000000,103.571429,1.483871,0.148387,166.666667,16.666667,10.714286,4.285714,0.293548,1.290323,0.083333,0.083333,0.000000,0.416667,3.000000
07/11/2013 00:00:00,136.100000,0.020000,8.490000,0.000000,0.000000,0.000000,365.937500,99.644128,11.428571,108.571429,1.451613,0.145161,166.666667,16.666667,11.428571,5.000000,0.287097,1.261290,0.083333,0.083333,0.000000,0.416667,3.000000
08/11/2013 00:00:00,121.400000,0.020000,7.290000,0.000000,0.000000,0.000000,377.187500,132.028470,12.142857,115.000000,1.419355,0.141935,166.666667,16.666667,12.142857,5.000000,0.280645,1.229032,0.083333,0.083333,0.000000,0.416667,3.000000
09/11/2013 00:00:00,112.200000,0.020000,7.550000,0.000000,0.000000,0.000000,374.687500,141.637011,13.571429,119.285714,1.354839,0.135484,166.666667,16.666667,13.571429,5.714286,0.270968,1.193548,0.083333,0.083333,0.000000,0.416667,3.000000
10/11/2013 00:00:00,105.700000,0.020000,8.150000,0.000000,0.000000,0.000000,369.062500,97.508897,14.285714,121.428571,1.322581,0.132258,166.666667,16.666667,14.285714,6.428571,0.261290,1.145161,0.083333,0.083333,0.000000,0.416667,3.000000
11/11/2013 00:00:00,99.100000,0.020000,8.410000,0.000000,0.000000,0.000000,366.875000,78.291815,16.428571,120.000000,1.258065,0.125806,166.666667,16.666667,15.714286,7.142857,0.248387,1.090323,0.083333,0.083333,0.000000,0.416667,3.000000
12/11/2013 00:00:00,91.300000,0.020000,7.100000,0.000000,0.000000,0.000000,378.750000,59.074733,17.857143,117.142857,1.161290,0.116129,166.666667,16.666667,17.142857,7.142857,0.232258,1.019355,0.083333,0.083333,0.000000,0.416667,3.000000
13/11/2013 00:00:00,83.700000,0.020000,5.110000,0.000000,0.000000,0.000000,398.437500,61.921708,18.571429,115.714286,1.096774,0.109677,166.666667,16.666667,17.857143,7.857143,0.216129,0.941935,0.083333,0.083333,0.000000,0.416667,3.000000
14/11/2013 00:00:00,76.000000,0.020000,5.160000,0.000000,0.000000,0.000000,397.812500,76.868327,18.571429,115.000000,1.032258,0.103226,166.666667,16.666667,17.857143,7.857143,0.200000,0.861290,0.083333,0.083333,0.000000,0.416667,3.000000
15/11/2013 00:00:00,68.400000,0.020000,5.950000,0.000000,0.000000,0.000000,390.000000,60.498221,18.571429,115.000000,1.000000,0.100000,166.666667,16.666667,17.857143,7.857143,0.183871,0.787097,0.083333,0.083333,0.000000,0.416667,3.000000
16/11/2013 00:00:00,60.900000,0.020000,6.340000,0.000000,0.000000,0.000000,386.250000,58.007117,16.428571,120.000000,0.967742,0.096774,166.666667,16.666667,16.428571,7.142857,0.174194,0.729032,0.083333,0.083333,0.000000,0.416667,3.000000
17/11/2013 00:00:00,55.800000,0.020000,7.820000,0.000000,0.000000,0.000000,372.187500,97.153025,17.142857,139.285714,0.967742,0.096774,166.666667,16.666667,17.142857,7.142857,0.183871,0.793548,0.083333,0.083333,0.000000,0.416667,3.000000
18/11/2013 00:00:00,54.400000,0.020000,8.460000,0.000000,0.000000,0.000000,366.250000,97.864769,19.285714,147.142857,0.967742,0.096774,166.666667,16.666667,19.285714,7.857143,0.193548,0.858065,0.083333,0.083333,0.000000,0.416667,3.000000
19/11/2013 00:00:00,56.400000,0.020000,8.750000,0.000000,0.000000,0.000000,363.750000,91.103203,20.714286,145.000000,0.967742,0.096774,166.666667,16.666667,20.714286,8.571429,0.196774,0.887097,0.083333,0.083333,0.000000,0.416667,3.000000
20/11/2013 00:00:00,60.000000,0.020000,8.770000,0.000000,0.000000,0.000000,363.437500,70.818505,22.142857,139.285714,0.935484,0.093548,166.666667,16.666667,20.714286,9.285714,0.190323,0.867742,0.083333,0.083333,0.000000,0.416667,3.000000
21/11/2013 00:00:00,63.000000,0.020000,8.410000,0.000000,0.000000,0.000000,366.875000,56.227758,21.428571,137.142857,0.903226,0.090323,166.666667,16.666667,20.714286,8.571429,0.183871,0.832258,0.083333,0.083333,0.000000,0.416667,3.000000
22/11/2013 00:00:00,64.100000,0.020000,7.910000,0.000000,0.000000,0.000000,371.250000,58.362989,22.857143,132.857143,0.838710,0.083871,166.666667,16.666667,21.428571,9.285714,0.174194,0.790323,0.083333,0.083333,0.000000,0.416667,3.000000
23/11/2013 00:00:00,63.700000,0.020000,6.080000,0.000000,0.000000,0.000000,388.750000,58.007117,25.000000,127.142857,0.806452,0.080645,166.666667,16.666667,23.571429,10.000000,0.164516,0.745161,0.083333,0.083333,0.000000,0.416667,3.000000
24/11/2013 00:00:00,62.700000,0.020000,1.000000,0.000000,0.000000,0.000000,443.750000,57.295374,26.428571,122.142857,0.741935,0.074194,166.666667,16.666667,24.285714,10.714286,0.154839,0.690323,0.083333,0.083333,0.000000,0.416667,3.000000
25/11/2013 00:00:00,61.200000,0.020000,1.000000,0.000000,0.000000,0.000000,443.750000,37.722420,27.857143,117.857143,0.709677,0.070968,166.666667,16.666667,25.714286,10.714286,0.145161,0.635484,0.083333,0.083333,0.000000,0.416667,3.000000
26/11/2013 00:00:00,59.200000,0.020000,1.000000,0.000000,0.000000,0.000000,443.750000,36.298932,30.000000,113.571429,0.677419,0.067742,166.666667,16.666667,27.857143,12.142857,0.135484,0.587097,0.083333,0.083333,0.000000,0.416667,3.000000
27/11/2013 00:00:00,56.800000,0.020000,1.000000,0.000000,0.000000,0.000000,443.750000,28.825623,32.857143,109.285714,0.645161,0.064516,166.666667,16.666667,29.285714,12.857143,0.125806,0.538710,0.083333,0.083333,0.000000,0.416667,3.000000
28/11/2013 00:00:00,54.500000,0.020000,1.000000,0.000000,0.000000,0.000000,443.750000,27.402135,34.285714,105.000000,0.612903,0.061290,166.666667,16.666667,30.714286,12.857143,0.116129,0.490323,0.083333,0.083333,0.000000,0.416667,3.000000
29/11/2013 00:00:00,52.700000,0.020000,1.000000,0.000000,0.000000,0.000000,443.750000,48.754448,35.714286,100.714286,0.612903,0.061290,166.666667,16.666667,32.142857,13.571429,0.106452,0.445161,0.083333,0.083333,0.000000,0.416667,3.000000
30/11/2013 00:00:00,51.700000,0.020000,1.000000,0.000000,0.000000,0.000000,443.750000,70.462633,34.285714,109.285714,0.612903,0.061290,166.666667,16.666667,30.714286,12.857143,0.119355,0.506452,0.083333,0.083333,0.000000,0.416667,3.000000
01/12/2013 00:00:00,52.100000,0.020000,1.000000,0.000000,0.000000,0.000000,443.750000,74.021352,32.142857,124.285714,0.709677,0.070968,166.666667,16.666667,28.571429,12.142857,0.145161,0.654839,0.083333,0.083333,0.000000,0.416667,3.000000
02/12/2013 00:00:00,54.400000,0.020000,1.000000,0.000000,0.000000,0.000000,443.750000,76.512456,32.142857,135.714286,0.774194,0.077419,166.666667,16.666667,28.571429,12.142857,0.170968,0.803226,0.083333,0.083333,0.000000,0.416667,3.000000
03/12/2013 00:00:00,59.400000,0.020000,1.000000,0.000000,0.000000,0.000000,443.750000,88.256228,30.000000,175.714286,0.903226,0.090323,166.666667,16.666667,26.428571,11.428571,0.209677,1.000000,0.083333,0.083333,0.000000,0.416667,3.000000
04/12/2013 00:00:00,65.700000,0.020000,1.000000,0.000000,0.000000,0.000000,443.750000,90.747331,25.000000,217.857143,1.032258,0.103226,166.666667,16.666667,23.571429,10.000000,0.251613,1.216129,0.083333,0.083333,0.000000,0.416667,3.000000
05/12/2013 00:00:00,71.400000,0.020000,3.150000,0.000000,0.000000,0.000000,419.062500,93.238434,25.000000,238.571429,1.161290,0.116129,166.666667,16.666667,23.571429,10.000000,0.283871,1.406452,0.083333,0.083333,0.000000,0.416667,3.000000
06/12/2013 00:00:00,76.100000,0.020000,4.060000,0.000000,0.000000,0.000000,409.375000,124.555160,25.714286,244.285714,1.193548,0.119355,166.666667,16.666667,24.285714,10.714286,0.306452,1.525806,0.083333,0.083333,0.000000,0.416667,3.000000
07/12/2013 00:00:00,79.000000,0.020000,4.110000,0.000000,0.000000,0.000000,408.750000,199.644128,27.142857,241.428571,1.193548,0.119355,166.666667,16.666667,25.714286,10.714286,0.312903,1.564516,0.083333,0.083333,0.000000,0.416667,3.000000
08/12/2013 00:00:00,78.900000,0.020000,1.000000,0.000000,0.000000,0.000000,443.750000,220.996441,27.857143,232.142857,1.161290,0.116129,166.666667,16.666667,26.428571,11.428571,0.303226,1.525806,0.083333,0.083333,0.000000,0.416667,3.000000
09/12/2013 00:00:00,76.000000,0.020000,1.000000,0.000000,0.000000,0.000000,443.750000,213.167260,29.285714,219.285714,1.129032,0.112903,166.666667,16.666667,27.142857,11.428571,0.287097,1.432258,0.083333,0.083333,0.000000,0.416667,3.000000
10/12/2013 00:00:00,71.800000,0.020000,1.000000,0.000000,0.000000,0.000000,443.750000,223.487544,30.714286,204.285714,1.064516,0.106452,166.666667,16.666667,28.571429,12.142857,0.264516,1.303226,0.083333,0.083333,0.000000,0.416667,3.000000
11/12/2013 00:00:00,67.500000,0.020000,1.000000,0.000000,0.000000,0.000000,443.750000,224.199288,32.142857,188.571429,0.967742,0.096774,166.666667,16.666667,29.285714,12.857143,0.238710,1.161290,0.083333,0.083333,0.000000,0.416667,3.000000
12/12/2013 00:00:00,63.700000,0.020000,1.000000,0.000000,0.000000,0.000000,443.750000,215.302491,33.571429,174.285714,0.903226,0.090323,166.666667,16.666667,30.000000,12.857143,0.212903,1.022581,0.083333,0.083333,0.000000,0.416667,3.000000
13/12/2013 00:00:00,60.600000,0.020000,1.000000,0.000000,0.000000,0.000000,443.750000,218.861210,34.285714,160.714286,0.838710,0.083871,166.666667,16.666667,30.714286,13.571429,0.187097,0.893548,0.083333,0.083333,0.000000,0.416667,3.000000
14/12/2013 00:00:00,57.800000,0.020000,1.000000,0.000000,0.000000,0.000000,443.750000,212.099644,35.714286,149.285714,0.774194,0.077419,166.666667,16.666667,31.428571,13.571429,0.167742,0.783871,0.083333,0.083333,0.000000,0.416667,3.000000
15/12/2013 00:00:00,55.200000,0.020000,1.000000,0.000000,0.000000,0.000000,443.750000,217.437722,36.428571,140.000000,0.709677,0.070968,166.666667,16.666667,32.142857,13.571429,0.151613,0.690323,0.083333,0.083333,0.000000,0.416667,3.000000
16/12/2013 00:00:00,53.100000,0.020000,1.000000,0.000000,0.000000,0.000000,443.750000,196.441281,37.142857,131.428571,0.677419,0.067742,166.666667,16.666667,32.857143,14.285714,0.135484,0.612903,0.083333,0.083333,0.000000,0.416667,3.000000
17/12/2013 00:00:00,51.500000,0.020000,1.000000,0.000000,0.000000,0.000000,443.750000,183.274021,37.142857,124.285714,0.645161,0.064516,166.666667,16.666667,32.857143,14.285714,0.125806,0.545161,0.083333,0.083333,0.000000,0.416667,3.000000
18/12/2013 00:00:00,50.400000,0.020000,1.000000,0.000000,0.000000,0.000000,443.750000,169.039146,37.142857,119.285714,0.612903,0.061290,166.666667,16.666667,32.857143,14.285714,0.116129,0.493548,0.083333,0.083333,0.000000,0.416667,3.000000
19/12/2013 00:00:00,49.700000,0.020000,1.000000,0.000000,0.000000,0.000000,443.750000,173.665480,35.714286,120.714286,0.612903,0.061290,166.666667,16.666667,31.428571,13.571429,0.112903,0.474194,0.083333,0.083333,0.000000,0.416667,3.000000
20/12/2013 00:00:00,54.500000,0.020000,1.000000,0.000000,0.000000,0.000000,443.750000,185.765125,28.571429,145.000000,0.838710,0.083871,166.666667,16.666667,27.857143,12.142857,0.203226,0.996774,0.083333,0.083333,0.000000,0.416667,3.000000
21/12/2013 00:00:00,75.500000,0.020000,1.000000,0.000000,0.000000,0.000000,443.750000,175.088968,20.714286,144.285714,1.096774,0.109677,166.666667,16.666667,26.428571,11.428571,0.351613,1.887097,0.083333,0.083333,0.000000,0.416667,3.000000
22/12/2013 00:00:00,102.200000,0.020000,1.000000,0.000000,0.000000,0.000000,443.750000,172.597865,20.000000,142.857143,1.290323,0.129032,166.666667,16.666667,26.428571,11.428571,0.432258,2.351613,0.083333,0.083333,0.000000,0.416667,3.000000
23/12/2013 00:00:00,130.600000,0.020000,1.000000,0.000000,0.000000,0.000000,443.750000,175.444840,20.000000,138.571429,1.387097,0.138710,166.666667,16.666667,26.428571,11.428571,0.464516,2.541935,0.083333,0.083333,0.000000,0.416667,3.000000
24/12/2013 00:00:00,150.800000,0.020000,1.000000,0.000000,0.000000,0.000000,443.750000,174.021352,20.714286,134.285714,1.419355,0.141935,166.666667,16.666667,26.428571,11.428571,0.474194,2.574194,0.083333,0.083333,0.000000,0.416667,3.000000
25/12/2013 00:00:00,156.000000,0.020000,1.000000,0.000000,0.000000,0.000000,443.750000,176.156584,22.142857,130.714286,1.419355,0.141935,166.666667,16.666667,26.428571,11.428571,0.464516,2.519355,0.083333,0.083333,0.000000,0.416667,3.000000
26/12/2013 00:00:00,147.600000,0.020000,1.000000,0.000000,0.000000,0.000000,443.750000,175.088968,22.857143,128.571429,1.419355,0.141935,166.666667,16.666667,26.428571,11.428571,0.448387,2.400000,0.083333,0.083333,0.000000,0.416667,3.000000
27/12/2013 00:00:00,132.400000,0.020000,1.000000,0.000000,0.000000,0.000000,443.750000,181.494662,23.571429,126.428571,1.387097,0.138710,166.666667,16.666667,26.428571,11.428571,0.422581,2.245161,0.083333,0.083333,0.000000,0.416667,3.000000
28/12/2013 00:00:00,116.400000,0.020000,1.000000,0.000000,0.000000,0.000000,443.750000,184.697509,24.285714,126.428571,1.354839,0.135484,166.666667,16.666667,25.714286,10.714286,0.393548,2.064516,0.083333,0.083333,0.000000,0.416667,3.000000
29/12/2013 00:00:00,102.400000,0.020000,1.000000,0.000000,0.000000,0.000000,443.750000,202.846975,26.428571,123.571429,1.290323,0.129032,166.666667,16.666667,26.428571,11.428571,0.364516,1.887097,0.083333,0.083333,0.000000,0.416667,3.000000
30/12/2013 00:00:00,91.100000,0.020000,1.000000,0.000000,0.000000,0.000000,443.750000,234.163701,27.857143,120.000000,1.193548,0.119355,166.666667,16.666667,27.857143,12.142857,0.332258,1.709677,0.083333,0.083333,0.000000,0.416667,3.000000
31/12/2013 00:00:00,82.300000,0.020000,1.000000,0.000000,0.000000,0.000000,443.750000,247.686833,30.000000,116.428571,1.129032,0.112903,166.666667,16.666667,28.571429,12.142857,0.303226,1.541935,0.083333,0.083333,0.000000,0.416667,3.000000
