ISOTime,Wx,Wy,Atemp,Rel_Hum,Sol_Rad,LW_Net
07/05/2013 00:00:00,-0.22034,-0.68983,9.99000,65.20000,-1.15800,295.70000
07/05/2013 03:00:00,-0.15236,-0.15248,8.89000,76.70000,-1.29800,300.40000
07/05/2013 06:00:00,-0.12314,0.15654,8.61000,86.30000,-1.31000,300.30000
07/05/2013 09:00:00,-0.03293,-0.05410,8.77000,91.00000,-0.54500,303.80000
07/05/2013 12:00:00,-0.21738,-0.17115,8.53000,90.60000,360.66700,306.70000
07/05/2013 15:00:00,-0.02960,0.39500,8.80000,90.10000,896.50000,303.50000
07/05/2013 18:00:00,-0.61999,-0.41707,9.64000,87.30000,883.33300,309.80000
07/05/2013 21:00:00,-0.56548,-0.97287,8.70000,89.90000,375.66700,311.50000
08/05/2013 00:00:00,-0.37188,-1.01129,9.65000,86.70000,-0.39200,348.40000
08/05/2013 03:00:00,-0.43950,-0.50644,11.85000,76.10000,-1.42700,327.70000
08/05/2013 06:00:00,-0.18385,-0.24126,10.78000,79.30000,-0.77700,347.40000
08/05/2013 09:00:00,-0.09490,-0.12605,9.93000,85.00000,-0.32200,329.10000
08/05/2013 12:00:00,-0.11650,-0.27766,9.40000,89.60000,302.16700,346.70000
08/05/2013 15:00:00,-0.52744,0.33479,9.96000,87.20000,774.33300,344.30000
08/05/2013 18:00:00,-0.57217,-0.25218,10.25000,87.80000,827.50000,311.50000
08/05/2013 21:00:00,-0.31464,-0.35325,12.36000,86.00000,443.00000,340.60000
09/05/2013 00:00:00,-0.09072,-0.42941,11.95000,90.90000,-0.53800,367.00000
09/05/2013 03:00:00,0.11256,-0.25030,11.55000,92.30000,-0.15300,360.10000
09/05/2013 06:00:00,0.11399,-0.35842,10.50000,96.00000,-0.27700,354.60000
09/05/2013 09:00:00,0.10575,-0.18783,11.22000,92.50000,-1.56200,307.80000
09/05/2013 12:00:00,0.26348,0.03080,9.85000,94.10000,138.83300,301.90000
09/05/2013 15:00:00,0.41897,0.42599,11.40000,92.50000,896.00000,298.70000
09/05/2013 18:00:00,0.47811,0.69875,12.48000,89.30000,630.33300,309.70000
09/05/2013 21:00:00,0.64609,0.53985,14.29000,81.90000,193.50000,330.40000
10/05/2013 00:00:00,0.19812,0.41669,14.64000,72.60000,-0.87200,336.30000
10/05/2013 03:00:00,0.07020,0.63251,14.07000,72.90000,-1.26700,339.20000
10/05/2013 06:00:00,0.20461,0.29248,15.04000,63.50000,-0.68200,372.50000
10/05/2013 09:00:00,-0.03272,0.08652,12.74000,89.50000,-0.77700,369.60000
10/05/2013 12:00:00,-0.22028,0.11525,12.90000,92.70000,249.50000,360.20000
10/05/2013 15:00:00,-0.24515,0.43163,13.49000,89.70000,748.33300,338.60000
10/05/2013 18:00:00,-0.05732,0.52438,13.29000,90.80000,319.16700,362.10000
10/05/2013 21:00:00,0.36922,0.32803,12.93000,95.00000,23.25000,374.70000
11/05/2013 00:00:00,0.56006,1.08135,10.81000,92.80000,0.39700,369.60000
11/05/2013 03:00:00,0.36727,0.91337,7.33600,93.50000,-0.14200,341.70000
11/05/2013 06:00:00,0.59965,0.51431,6.36800,93.50000,-0.32200,336.90000
11/05/2013 09:00:00,0.90035,0.35034,6.34300,89.20000,0.07300,334.60000
11/05/2013 12:00:00,0.69752,0.01885,6.44200,90.50000,60.36700,335.40000
11/05/2013 15:00:00,0.76697,0.86544,6.55000,89.20000,239.66700,337.40000
11/05/2013 18:00:00,0.96704,1.03185,7.67800,88.50000,351.16700,341.70000
11/05/2013 21:00:00,0.98421,0.97525,8.91000,89.70000,351.00000,333.40000
12/05/2013 00:00:00,0.93140,0.74023,10.11000,88.00000,9.63700,344.00000
12/05/2013 03:00:00,0.20568,0.82789,7.89600,79.30000,-0.15300,331.20000
12/05/2013 06:00:00,1.07983,-0.13578,6.36500,71.40000,-2.31300,240.30000
12/05/2013 09:00:00,0.62517,0.27587,7.32300,61.80000,-1.96200,236.90000
12/05/2013 12:00:00,0.98787,0.81918,6.10500,66.20000,301.33300,239.70000
12/05/2013 15:00:00,1.29220,0.81870,5.53600,64.30000,558.50000,302.30000
12/05/2013 18:00:00,1.35526,1.02215,6.86200,59.90000,597.33300,304.60000
12/05/2013 21:00:00,1.20771,0.65964,7.79100,63.40000,295.50000,300.90000
13/05/2013 00:00:00,0.58310,0.03031,7.42800,64.10000,39.76700,293.40000
13/05/2013 03:00:00,0.48304,-0.05931,6.01600,55.30000,-0.63200,304.30000
13/05/2013 06:00:00,0.33543,-0.07583,4.96700,59.50000,-2.26800,233.20000
13/05/2013 09:00:00,0.42048,-0.08865,4.50700,60.00000,-1.63300,243.30000
13/05/2013 12:00:00,0.60723,0.09204,3.40200,62.30000,286.33300,228.10000
13/05/2013 15:00:00,0.94771,-0.29665,4.35300,60.60000,833.50000,238.50000
13/05/2013 18:00:00,1.01274,1.16015,5.47900,57.10000,480.00000,298.80000
13/05/2013 21:00:00,0.92508,0.79879,6.49000,58.10000,638.16700,242.00000
14/05/2013 00:00:00,0.74071,0.57377,7.23400,54.90000,57.95000,246.60000
14/05/2013 03:00:00,0.26057,0.20340,7.44600,71.50000,-2.75800,256.60000
14/05/2013 06:00:00,0.13590,0.38888,7.81300,69.50000,-1.92500,284.40000
14/05/2013 09:00:00,0.07208,0.65438,7.55400,63.60000,-1.65500,275.60000
14/05/2013 12:00:00,0.16356,0.42608,7.90900,60.50000,88.33300,326.10000
14/05/2013 15:00:00,-0.51098,1.21498,8.68000,72.00000,443.33300,330.10000
14/05/2013 18:00:00,-0.57896,0.70531,9.27000,74.60000,280.66700,341.20000
14/05/2013 21:00:00,-0.52440,0.00654,9.51000,78.30000,202.33300,357.60000
15/05/2013 00:00:00,-0.11104,-0.03199,10.41000,76.50000,52.40000,323.70000
15/05/2013 03:00:00,-0.46534,1.15177,10.69000,73.60000,-1.08200,304.20000
15/05/2013 06:00:00,-0.06477,1.26584,10.93000,74.60000,-0.19800,360.90000
15/05/2013 09:00:00,0.61315,1.31490,10.92000,79.70000,0.19000,369.70000
15/05/2013 12:00:00,0.02573,1.54868,12.64000,82.50000,255.16700,350.70000
15/05/2013 15:00:00,1.61156,1.41390,12.82000,79.30000,785.33300,331.90000
15/05/2013 18:00:00,0.90147,0.82122,13.55000,78.50000,934.50000,319.10000
15/05/2013 21:00:00,0.13887,0.55798,12.87000,74.10000,592.83300,321.40000
16/05/2013 00:00:00,0.42891,0.11857,14.25000,64.90000,63.25000,327.10000
16/05/2013 03:00:00,-0.59679,0.39429,11.42000,79.30000,0.39700,357.90000
16/05/2013 06:00:00,0.63613,-0.12228,11.95000,74.50000,-1.43000,305.50000
16/05/2013 09:00:00,0.76167,-0.30223,10.12000,82.40000,-1.73700,296.50000
16/05/2013 12:00:00,0.65397,0.19816,10.64000,78.10000,308.83300,319.60000
16/05/2013 15:00:00,0.88987,0.49568,10.31000,82.70000,524.00000,307.20000
16/05/2013 18:00:00,0.85581,0.64825,11.79000,76.70000,962.83300,299.00000
16/05/2013 21:00:00,0.62674,0.43574,11.57000,79.40000,611.00000,305.30000
17/05/2013 00:00:00,0.00022,0.17222,12.52000,71.40000,78.41700,333.00000
17/05/2013 03:00:00,-0.26292,-0.96050,12.10000,72.30000,-0.84700,336.90000
17/05/2013 06:00:00,-0.77295,-0.70533,10.77000,78.90000,-1.76200,294.40000
17/05/2013 09:00:00,-1.06820,-0.67866,9.79000,81.40000,-1.94500,280.30000
17/05/2013 12:00:00,-0.90992,-0.31205,9.30000,80.80000,243.66700,286.40000
17/05/2013 15:00:00,-1.38055,-0.26835,9.05000,85.50000,792.50000,284.00000
17/05/2013 18:00:00,-1.61055,0.06697,9.39000,80.60000,963.16700,288.20000
17/05/2013 21:00:00,-1.15071,0.34814,9.70000,78.50000,588.16700,286.50000
18/05/2013 00:00:00,-1.20462,0.27601,10.61000,72.10000,38.88300,315.10000
18/05/2013 03:00:00,-0.90753,-0.36317,10.53000,78.70000,-0.76300,329.60000
18/05/2013 06:00:00,-1.03601,-0.04395,9.91000,83.60000,-1.08300,307.70000
18/05/2013 09:00:00,-1.25955,-0.16690,9.36000,91.30000,-0.00500,350.30000
18/05/2013 12:00:00,-0.97851,-0.43566,9.80000,85.10000,116.90000,345.60000
18/05/2013 15:00:00,-0.97074,-0.35012,9.77000,85.10000,695.66700,308.60000
18/05/2013 18:00:00,-1.22442,-0.25018,10.13000,79.90000,740.00000,315.80000
18/05/2013 21:00:00,-1.15817,-0.09357,11.03000,74.60000,640.16700,309.50000
19/05/2013 00:00:00,-1.19073,-0.28534,10.95000,78.60000,75.06700,307.50000
19/05/2013 03:00:00,-1.24808,-0.55753,11.18000,77.90000,-0.88200,312.70000
19/05/2013 06:00:00,-1.30989,-0.33007,10.26000,86.10000,-0.81500,318.90000
19/05/2013 09:00:00,-1.24033,-0.12828,10.43000,94.70000,-0.60300,331.30000
19/05/2013 12:00:00,-1.00639,-0.03347,11.53000,96.00000,261.16700,353.70000
19/05/2013 15:00:00,-0.91944,0.05546,13.67000,90.60000,748.50000,338.70000
19/05/2013 18:00:00,-0.75420,-0.05746,12.49000,91.60000,625.50000,351.50000
19/05/2013 21:00:00,-0.41261,-0.25332,12.46000,91.00000,596.66700,345.90000
20/05/2013 00:00:00,-0.94224,0.71310,12.89000,90.80000,78.08300,339.60000
20/05/2013 03:00:00,-0.86584,0.81756,13.70000,89.90000,-0.13000,348.60000
20/05/2013 06:00:00,-0.64033,0.85863,13.48000,92.70000,-0.39500,341.40000
20/05/2013 09:00:00,-0.33363,0.92619,12.96000,95.20000,-0.95700,341.60000
20/05/2013 12:00:00,-0.62882,0.10980,12.58000,95.10000,236.50000,340.50000
20/05/2013 15:00:00,-0.40674,0.17285,14.44000,92.80000,779.66700,350.60000
20/05/2013 18:00:00,-0.52481,0.08849,15.16000,91.90000,913.66700,362.50000
20/05/2013 21:00:00,-0.83680,0.21011,17.90000,86.80000,593.83300,362.00000
21/05/2013 00:00:00,-0.50557,0.64489,17.19000,87.60000,50.40000,388.30000
21/05/2013 03:00:00,-0.65680,-0.01364,15.98000,90.40000,-0.65300,384.00000
21/05/2013 06:00:00,-0.74903,0.16736,15.53000,94.00000,-0.30700,363.00000
21/05/2013 09:00:00,0.65121,0.73420,13.97000,97.30000,-0.16700,370.70000
21/05/2013 12:00:00,-0.04681,1.23717,14.76000,97.20000,146.50000,363.90000
21/05/2013 15:00:00,0.19035,1.27363,14.44000,94.30000,503.83300,355.60000
21/05/2013 18:00:00,0.27307,1.35073,16.05000,83.80000,945.00000,356.00000
21/05/2013 21:00:00,0.39171,0.73522,19.73000,73.60000,586.00000,367.30000
22/05/2013 00:00:00,0.08294,0.77670,18.71000,72.40000,37.96700,386.30000
22/05/2013 03:00:00,-0.08891,1.33510,17.37000,77.00000,-0.72200,366.00000
22/05/2013 06:00:00,0.62665,1.21484,14.56000,88.90000,-2.17300,359.50000
22/05/2013 09:00:00,0.44803,1.05672,14.94000,89.50000,-0.42500,364.30000
22/05/2013 12:00:00,0.53693,1.22287,15.36000,88.80000,81.88300,380.80000
22/05/2013 15:00:00,0.47193,1.21281,15.03000,88.50000,701.66700,347.30000
22/05/2013 18:00:00,-0.16782,1.03453,16.53000,85.20000,743.00000,373.50000
22/05/2013 21:00:00,0.46431,0.63296,17.63000,77.40000,608.50000,350.30000
23/05/2013 00:00:00,1.10816,0.93772,16.06000,83.30000,28.75000,385.20000
23/05/2013 03:00:00,0.61036,1.17010,15.27000,91.90000,-0.98200,364.80000
23/05/2013 06:00:00,0.58268,1.53894,16.29000,84.60000,-1.03200,349.40000
23/05/2013 09:00:00,1.13725,0.90847,14.83000,91.50000,-0.98200,358.20000
23/05/2013 12:00:00,0.74574,0.81654,14.42000,97.40000,274.66700,370.90000
23/05/2013 15:00:00,0.91195,1.00106,14.33000,93.10000,562.00000,355.90000
23/05/2013 18:00:00,1.29737,-1.21789,11.80000,90.70000,463.16700,343.00000
23/05/2013 21:00:00,1.19489,-1.79072,8.44000,88.60000,64.48300,349.60000
24/05/2013 00:00:00,0.55680,-2.82057,7.21900,88.80000,6.83200,336.00000
24/05/2013 03:00:00,0.67897,-2.63447,6.81500,87.10000,-0.46500,332.80000
24/05/2013 06:00:00,0.18918,-2.58225,7.21300,76.20000,-0.65500,303.50000
24/05/2013 09:00:00,0.20796,-2.37703,6.31600,77.20000,-1.68800,244.40000
24/05/2013 12:00:00,-0.97463,2.15057,5.91600,72.70000,50.33300,321.90000
24/05/2013 15:00:00,0.33458,-2.08443,5.55700,69.40000,216.00000,319.40000
24/05/2013 18:00:00,0.90463,-1.60513,6.22400,67.00000,714.83300,313.00000
24/05/2013 21:00:00,1.29155,-1.89775,7.13700,64.10000,580.33300,253.90000
25/05/2013 00:00:00,0.94413,-1.44070,7.71100,63.00000,97.46700,243.60000
25/05/2013 03:00:00,0.60025,-1.55036,6.92100,59.60000,-2.45700,237.30000
25/05/2013 06:00:00,0.30043,-1.64388,6.06200,75.30000,-2.30800,241.40000
25/05/2013 09:00:00,0.69130,-1.62670,6.85200,77.10000,-2.41200,244.80000
25/05/2013 12:00:00,0.64073,-1.78575,7.35200,70.40000,300.50000,250.00000
25/05/2013 15:00:00,0.75042,-0.95556,8.40000,66.10000,826.66700,258.80000
25/05/2013 18:00:00,0.98989,-0.93704,10.03000,72.80000,974.00000,265.90000
25/05/2013 21:00:00,0.93034,-1.52241,11.19000,64.80000,630.16700,274.40000
26/05/2013 00:00:00,0.90915,-1.41539,10.77000,66.10000,68.63300,257.10000
26/05/2013 03:00:00,0.55416,-1.39657,9.64000,59.60000,-2.86300,240.40000
26/05/2013 06:00:00,0.76531,-1.46272,7.53000,76.70000,-2.43200,243.70000
26/05/2013 09:00:00,0.74060,-1.47010,8.06000,78.30000,-2.54800,248.90000
26/05/2013 12:00:00,0.85045,-1.20922,8.84000,74.40000,302.00000,255.40000
26/05/2013 15:00:00,0.54842,-0.20039,9.55000,67.60000,850.83300,261.20000
26/05/2013 18:00:00,0.74506,0.97517,10.85000,70.50000,898.16700,277.40000
26/05/2013 21:00:00,1.23121,0.83868,11.84000,75.30000,639.16700,290.70000
27/05/2013 00:00:00,0.93386,0.28976,11.53000,79.00000,38.46700,286.10000
27/05/2013 03:00:00,0.52424,-0.92033,10.90000,83.50000,-3.59800,268.80000
27/05/2013 06:00:00,0.11188,-0.64707,9.79000,82.50000,-4.38300,256.20000
27/05/2013 09:00:00,0.03635,0.30115,9.61000,75.90000,-4.35700,253.30000
27/05/2013 12:00:00,-0.71907,-0.03649,10.23000,79.00000,330.50000,289.70000
27/05/2013 15:00:00,-0.64830,0.27487,12.30000,81.00000,735.16700,276.60000
27/05/2013 18:00:00,-0.71225,0.13538,11.40000,84.80000,180.00000,349.40000
27/05/2013 21:00:00,-0.17246,0.18022,11.72000,85.10000,144.16700,357.60000
28/05/2013 00:00:00,-0.67401,0.49099,11.19000,75.00000,15.30000,353.30000
28/05/2013 03:00:00,-0.97318,0.44008,11.20000,93.60000,-0.30300,364.00000
28/05/2013 06:00:00,-1.68668,0.60758,11.77000,90.90000,-0.30800,368.80000
28/05/2013 09:00:00,-1.49352,0.36513,12.35000,95.10000,-0.12800,373.00000
28/05/2013 12:00:00,-0.51892,0.26767,12.86000,92.90000,54.90000,380.80000
28/05/2013 15:00:00,-0.54298,0.14259,13.31000,96.30000,298.16700,372.40000
28/05/2013 18:00:00,-0.33180,0.03195,13.87000,92.60000,662.16700,377.20000
28/05/2013 21:00:00,-1.30699,0.49239,13.61000,94.70000,210.33300,385.60000
29/05/2013 00:00:00,-1.18958,0.25129,14.41000,96.10000,19.85000,389.80000
29/05/2013 03:00:00,-0.58920,1.07875,13.48000,98.80000,-0.40000,353.80000
29/05/2013 06:00:00,-0.25828,1.65750,16.33000,79.40000,-0.12300,388.60000
29/05/2013 09:00:00,1.39995,1.22928,15.13000,83.40000,-0.29300,367.50000
29/05/2013 12:00:00,0.89533,1.09536,14.53000,84.30000,88.08300,380.90000
29/05/2013 15:00:00,0.89159,1.05185,14.46000,85.20000,719.16700,365.10000
29/05/2013 18:00:00,0.98093,1.18393,15.26000,85.20000,917.00000,350.60000
29/05/2013 21:00:00,1.03771,0.98066,15.87000,82.50000,610.83300,355.90000
30/05/2013 00:00:00,0.77829,0.58497,15.35000,84.90000,81.46700,360.00000
30/05/2013 03:00:00,0.49559,0.42828,15.61000,88.30000,-0.21200,396.00000
30/05/2013 06:00:00,0.42302,0.36865,15.98000,87.00000,-1.08000,348.50000
30/05/2013 09:00:00,0.60176,0.83627,14.79000,87.90000,-0.95000,339.30000
30/05/2013 12:00:00,0.14917,0.40566,15.17000,89.30000,206.66700,366.20000
30/05/2013 15:00:00,0.30514,0.37555,15.73000,89.10000,652.33300,368.80000
30/05/2013 18:00:00,0.18964,0.40625,17.87000,84.60000,800.66700,380.10000
30/05/2013 21:00:00,-0.51578,0.87064,19.35000,79.20000,605.50000,387.10000
31/05/2013 00:00:00,-0.70188,0.50461,18.76000,76.90000,53.81700,377.70000
31/05/2013 03:00:00,-0.17716,0.93842,18.15000,77.70000,-0.52000,364.20000
31/05/2013 06:00:00,0.04439,0.92004,16.70000,85.80000,-1.32700,350.70000
31/05/2013 09:00:00,-0.08705,1.14252,15.94000,88.40000,-0.96200,346.00000
31/05/2013 12:00:00,-0.21862,1.27388,16.44000,84.30000,285.50000,346.10000
31/05/2013 15:00:00,0.10964,1.29676,17.94000,81.80000,713.83300,363.60000
31/05/2013 18:00:00,-0.21504,0.88594,18.61000,80.60000,499.33300,403.90000
31/05/2013 21:00:00,0.75151,1.08282,17.61000,89.30000,119.66700,388.60000
01/06/2013 00:00:00,-0.03634,0.92985,15.34000,97.80000,4.04500,388.50000
01/06/2013 03:00:00,-0.30581,1.23092,15.79000,97.90000,-0.17000,364.60000
01/06/2013 06:00:00,0.00594,1.29915,15.71000,97.40000,-0.43700,354.30000
01/06/2013 09:00:00,-0.55011,0.95833,17.03000,91.90000,-0.10000,375.70000
01/06/2013 12:00:00,0.07165,0.93949,15.60000,89.20000,178.00000,360.60000
01/06/2013 15:00:00,-0.27155,0.99356,17.22000,87.20000,613.66700,377.90000
01/06/2013 18:00:00,0.99072,0.98170,15.03000,91.60000,354.66700,391.80000
01/06/2013 21:00:00,0.73940,0.68721,16.75000,83.90000,412.33300,388.70000
02/06/2013 00:00:00,0.88500,0.30679,16.03000,88.00000,15.78300,398.10000
02/06/2013 03:00:00,-0.03225,1.21207,15.40000,98.60000,0.07200,388.30000
02/06/2013 06:00:00,-0.24811,1.08078,15.32000,99.30000,-0.09000,378.90000
02/06/2013 09:00:00,0.69033,1.82787,15.92000,97.00000,-0.73800,338.30000
02/06/2013 12:00:00,1.36363,1.52846,15.55000,92.30000,116.21700,345.10000
02/06/2013 15:00:00,1.73979,1.65927,14.79000,92.00000,819.16700,321.90000
02/06/2013 18:00:00,1.53678,1.54188,15.28000,87.30000,959.50000,325.80000
02/06/2013 21:00:00,1.66570,0.95434,15.61000,87.90000,410.33300,369.80000
03/06/2013 00:00:00,0.36983,-1.37790,14.72000,88.40000,100.45000,320.20000
03/06/2013 03:00:00,0.53936,-1.58344,13.38000,87.40000,-0.53300,360.80000
03/06/2013 06:00:00,0.37839,-1.82110,11.88000,77.40000,-0.30000,359.00000
03/06/2013 09:00:00,0.15200,-1.40150,11.28000,80.20000,-0.54500,350.40000
03/06/2013 12:00:00,0.38157,-0.97106,10.76000,75.00000,302.66700,298.80000
03/06/2013 15:00:00,0.52469,-0.40539,10.65000,66.90000,848.83300,266.90000
03/06/2013 18:00:00,0.66738,0.76068,11.17000,68.00000,1018.00000,266.30000
03/06/2013 21:00:00,1.00666,0.73587,12.98000,65.20000,610.50000,334.30000
04/06/2013 00:00:00,0.63718,0.85440,13.34000,68.20000,85.71700,315.90000
04/06/2013 03:00:00,0.81318,0.89189,13.22000,74.20000,-3.04800,278.70000
04/06/2013 06:00:00,0.88607,-0.07417,13.56000,78.80000,-2.90700,282.90000
04/06/2013 09:00:00,-0.25623,0.95799,12.96000,87.60000,-3.07500,285.00000
04/06/2013 12:00:00,-0.15681,-1.13281,12.53000,77.00000,286.66700,280.70000
04/06/2013 15:00:00,0.20184,-0.63829,12.13000,65.40000,867.66700,280.60000
04/06/2013 18:00:00,0.37703,0.79299,12.58000,65.80000,1001.66700,285.30000
04/06/2013 21:00:00,0.66247,0.77631,14.25000,60.80000,433.50000,341.30000
05/06/2013 00:00:00,0.63862,0.20897,15.07000,58.20000,95.80000,299.60000
05/06/2013 03:00:00,0.49501,-0.34783,13.92000,82.20000,-2.42000,366.20000
05/06/2013 06:00:00,0.00947,0.63160,13.66000,76.90000,-2.30300,309.30000
05/06/2013 09:00:00,-0.95010,-0.30565,13.35000,79.90000,-2.40300,299.90000
05/06/2013 12:00:00,-1.33570,-0.06944,13.53000,90.30000,273.83300,299.80000
05/06/2013 15:00:00,-1.27618,-0.33401,13.39000,92.20000,790.33300,294.30000
05/06/2013 18:00:00,-0.86080,-0.11625,13.75000,85.00000,991.00000,300.30000
05/06/2013 21:00:00,-1.16040,-0.04052,14.51000,75.30000,677.83300,298.60000
06/06/2013 00:00:00,-1.07556,-0.58168,15.08000,79.10000,49.46700,304.30000
06/06/2013 03:00:00,-1.25120,-1.18142,14.70000,71.30000,-1.01000,332.90000
06/06/2013 06:00:00,-1.65307,-1.01110,14.16000,70.20000,-1.14000,313.10000
06/06/2013 09:00:00,-1.73525,-0.83210,13.75000,79.00000,-0.27300,367.80000
06/06/2013 12:00:00,-2.07959,-0.92177,13.08000,94.60000,12.50200,374.10000
06/06/2013 15:00:00,-1.94093,-1.01013,12.52000,95.40000,63.35000,370.30000
06/06/2013 18:00:00,-1.32176,-1.17430,12.14000,95.10000,52.21700,366.80000
06/06/2013 21:00:00,-1.13476,-1.43392,12.89000,89.50000,79.40000,369.30000
07/06/2013 00:00:00,-0.34447,-1.20131,12.73000,97.10000,26.10000,370.50000
07/06/2013 03:00:00,-0.35978,-1.09491,12.98000,94.80000,-0.09300,370.00000
07/06/2013 06:00:00,0.22893,-0.70457,12.91000,91.20000,-0.17000,367.90000
07/06/2013 09:00:00,0.19467,-0.64052,12.31000,96.30000,-0.34700,368.40000
07/06/2013 12:00:00,-0.47825,-0.61160,12.35000,95.80000,55.86700,368.30000
07/06/2013 15:00:00,-0.48880,-0.31169,12.51000,97.50000,132.80000,371.10000
07/06/2013 18:00:00,0.47501,-0.03242,12.50000,98.30000,357.83300,374.00000
07/06/2013 21:00:00,0.44991,0.29511,13.24000,93.30000,203.50000,370.20000
08/06/2013 00:00:00,0.71750,0.00000,13.41000,93.80000,15.46700,370.50000
08/06/2013 03:00:00,0.53603,-0.52457,14.19000,91.10000,-0.17200,373.00000
08/06/2013 06:00:00,0.37798,-0.62907,13.73000,93.50000,-0.50300,367.20000
08/06/2013 09:00:00,0.48334,-0.45754,13.46000,91.80000,-0.45800,364.80000
08/06/2013 12:00:00,0.69184,-0.22226,13.37000,91.30000,24.05000,363.60000
08/06/2013 15:00:00,0.58145,0.09333,13.44000,90.70000,227.83300,367.90000
08/06/2013 18:00:00,0.75350,0.68129,14.37000,87.90000,1060.00000,317.60000
08/06/2013 21:00:00,0.57367,0.92748,15.39000,84.90000,321.50000,350.90000
09/06/2013 00:00:00,0.76575,0.60756,15.44000,90.70000,64.10000,370.70000
09/06/2013 03:00:00,0.53867,0.56528,15.16000,89.70000,-2.88700,390.00000
09/06/2013 06:00:00,-0.05775,0.35984,15.21000,87.50000,-3.03300,310.40000
09/06/2013 09:00:00,-0.37535,0.17636,14.70000,94.30000,-1.05700,361.50000
09/06/2013 12:00:00,-0.54721,0.16829,15.17000,87.70000,101.65000,366.60000
09/06/2013 15:00:00,-0.95278,0.06504,15.76000,84.90000,644.50000,338.60000
09/06/2013 18:00:00,-0.98813,0.36805,15.67000,85.30000,330.00000,370.70000
09/06/2013 21:00:00,-1.39123,-0.04452,15.90000,80.20000,396.83300,342.70000
10/06/2013 00:00:00,-1.60539,0.07077,16.24000,75.00000,76.88300,347.00000
10/06/2013 03:00:00,-1.51003,-0.12263,16.24000,82.70000,-0.24200,379.50000
10/06/2013 06:00:00,-1.67500,-0.31692,15.71000,88.60000,-0.19000,381.90000
10/06/2013 09:00:00,-1.22969,0.30498,17.16000,90.20000,-0.22700,394.00000
10/06/2013 12:00:00,-0.52203,0.24106,16.40000,98.20000,62.91700,393.90000
10/06/2013 15:00:00,-1.34211,-0.59286,16.15000,98.90000,154.33300,395.40000
10/06/2013 18:00:00,-1.36247,-0.21928,15.28000,99.00000,539.16700,388.30000
10/06/2013 21:00:00,-1.04891,0.17956,15.45000,98.50000,39.23300,393.30000
11/06/2013 00:00:00,-0.11269,0.35534,15.86000,99.10000,69.70000,387.70000
11/06/2013 03:00:00,0.85580,0.52052,16.01000,99.40000,-0.50300,369.80000
11/06/2013 06:00:00,1.38683,0.61331,16.08000,99.50000,-0.04200,390.70000
11/06/2013 09:00:00,1.08147,-0.26678,16.04000,98.50000,-0.09300,386.60000
11/06/2013 12:00:00,1.27483,-0.26433,15.84000,98.80000,70.16700,391.80000
11/06/2013 15:00:00,1.15837,-0.44246,16.23000,95.90000,459.50000,386.20000
11/06/2013 18:00:00,0.80359,-0.00534,17.13000,93.70000,971.83300,349.40000
11/06/2013 21:00:00,0.36439,0.64406,17.81000,90.10000,545.50000,344.20000
12/06/2013 00:00:00,0.27557,0.39776,18.92000,83.00000,11.76300,393.10000
12/06/2013 03:00:00,0.16204,0.41236,16.75000,93.20000,-0.42500,377.10000
12/06/2013 06:00:00,-0.44965,0.22864,17.15000,92.90000,0.19700,394.50000
12/06/2013 09:00:00,-0.54376,0.17095,15.91000,95.20000,-1.96800,326.20000
12/06/2013 12:00:00,-0.61013,-0.24356,16.21000,95.40000,189.50000,376.60000
12/06/2013 15:00:00,-0.61088,-0.15961,15.36000,98.10000,348.50000,367.10000
12/06/2013 18:00:00,-0.67027,0.54370,16.44000,96.10000,381.83300,371.10000
12/06/2013 21:00:00,-0.26923,0.26856,16.52000,96.50000,127.73300,381.20000
13/06/2013 00:00:00,-0.45208,0.30139,16.24000,92.00000,37.50000,379.40000
13/06/2013 03:00:00,-0.42543,0.86492,17.78000,91.90000,-0.67200,396.70000
13/06/2013 06:00:00,-0.81367,-0.42875,17.56000,97.80000,-0.05500,398.50000
13/06/2013 09:00:00,-1.62668,-1.59720,18.67000,91.80000,0.17800,401.70000
13/06/2013 12:00:00,0.73712,1.97676,16.01000,95.20000,28.28300,387.90000
13/06/2013 15:00:00,0.47988,-1.46654,15.80000,95.50000,104.56700,381.50000
13/06/2013 18:00:00,0.89503,-0.85861,16.51000,91.30000,950.66700,327.60000
13/06/2013 21:00:00,1.47965,-1.44322,17.82000,75.30000,671.33300,314.30000
14/06/2013 00:00:00,0.68058,0.59018,17.59000,76.50000,119.70000,314.30000
14/06/2013 03:00:00,0.78268,-0.76341,16.00000,88.10000,-2.43700,313.20000
14/06/2013 06:00:00,0.82567,-1.43977,15.71000,84.90000,-1.60000,313.20000
14/06/2013 09:00:00,0.61231,-1.75221,14.85000,90.30000,-1.60700,306.90000
14/06/2013 12:00:00,0.34942,-1.39897,14.87000,90.20000,298.16700,314.40000
14/06/2013 15:00:00,0.85066,-0.22642,15.56000,89.90000,557.66700,362.30000
14/06/2013 18:00:00,1.16557,-0.38408,16.44000,85.80000,921.66700,325.80000
14/06/2013 21:00:00,0.85094,-1.00474,17.70000,67.00000,662.66700,307.40000
15/06/2013 00:00:00,1.11723,-0.92646,17.10000,79.20000,115.05000,297.70000
15/06/2013 03:00:00,1.04338,-1.09039,16.48000,69.30000,-3.46500,289.90000
15/06/2013 06:00:00,0.34738,-0.82121,15.67000,79.60000,-4.12000,282.10000
15/06/2013 09:00:00,0.63398,-0.42763,15.24000,79.70000,-4.31300,281.70000
15/06/2013 12:00:00,0.40412,-0.30191,16.19000,72.90000,287.00000,316.40000
15/06/2013 15:00:00,-0.21485,0.80717,16.61000,85.10000,616.66700,339.60000
15/06/2013 18:00:00,0.09174,0.81122,18.24000,77.10000,652.50000,347.90000
15/06/2013 21:00:00,0.36193,0.89156,19.83000,70.40000,204.16700,386.60000
16/06/2013 00:00:00,0.45459,0.86536,19.66000,76.50000,7.52700,394.30000
16/06/2013 03:00:00,0.78273,0.73970,19.00000,78.00000,-0.46800,387.20000
16/06/2013 06:00:00,0.21562,1.01854,18.86000,82.20000,-0.24700,397.40000
16/06/2013 09:00:00,0.21022,1.28908,18.44000,84.90000,-0.77700,377.00000
16/06/2013 12:00:00,1.35229,1.74129,18.19000,93.40000,258.83300,356.10000
16/06/2013 15:00:00,2.00055,0.59620,17.94000,92.80000,268.00000,396.10000
16/06/2013 18:00:00,1.05243,0.62583,17.86000,93.60000,775.66700,380.00000
16/06/2013 21:00:00,0.84219,0.86996,18.57000,90.50000,655.83300,342.70000
17/06/2013 00:00:00,0.47462,1.13384,18.58000,89.10000,131.30000,344.90000
17/06/2013 03:00:00,0.20725,0.53129,18.99000,87.40000,-2.32700,339.40000
17/06/2013 06:00:00,0.89934,0.46391,18.99000,72.90000,-2.28500,320.30000
17/06/2013 09:00:00,0.93189,0.28194,17.68000,88.00000,-2.34200,319.00000
17/06/2013 12:00:00,0.93357,0.46207,17.50000,93.90000,296.33300,325.90000
17/06/2013 15:00:00,0.70081,0.80304,17.84000,93.90000,806.83300,332.20000
17/06/2013 18:00:00,0.46687,0.64484,19.26000,91.00000,965.00000,341.80000
17/06/2013 21:00:00,0.13262,0.90281,20.40000,90.90000,503.00000,353.60000
18/06/2013 00:00:00,1.13605,0.66723,17.60000,91.40000,16.93300,391.80000
18/06/2013 03:00:00,1.23681,-0.03213,16.80000,90.80000,-0.37200,382.00000
18/06/2013 06:00:00,-0.82566,0.72009,17.60000,85.80000,-0.93700,356.00000
18/06/2013 09:00:00,0.57817,0.70775,16.83000,90.20000,-0.68700,376.80000
18/06/2013 12:00:00,-1.45907,-0.75185,16.39000,95.20000,141.83300,342.60000
18/06/2013 15:00:00,-0.98199,-0.27277,16.17000,88.40000,539.66700,351.40000
18/06/2013 18:00:00,-0.99879,0.28685,15.75000,84.80000,975.66700,322.10000
18/06/2013 21:00:00,-0.81228,0.26058,16.92000,80.00000,729.50000,326.80000
19/06/2013 00:00:00,0.01146,0.41179,17.28000,75.80000,132.38300,333.30000
19/06/2013 03:00:00,0.67499,-0.25845,16.81000,81.60000,-3.08200,307.40000
19/06/2013 06:00:00,-1.40138,-1.24193,16.41000,79.40000,-2.45800,295.90000
19/06/2013 09:00:00,-1.44373,-0.94356,16.16000,68.00000,-2.61700,291.50000
19/06/2013 12:00:00,-1.66153,-0.61650,15.85000,75.10000,279.50000,296.30000
19/06/2013 15:00:00,-0.99643,-0.23311,15.47000,80.10000,803.50000,297.50000
19/06/2013 18:00:00,-0.70015,0.46761,15.61000,82.20000,1007.16700,296.40000
19/06/2013 21:00:00,-0.65508,0.69147,16.41000,78.20000,714.50000,305.80000
20/06/2013 00:00:00,-0.38609,0.52222,17.19000,65.40000,129.36700,287.80000
20/06/2013 03:00:00,-0.34142,0.20573,17.08000,67.70000,-3.09200,295.30000
20/06/2013 06:00:00,-0.41252,-0.23772,16.87000,75.90000,-3.44300,289.40000
20/06/2013 09:00:00,-0.85120,-0.08625,16.36000,80.90000,-4.72800,285.40000
20/06/2013 12:00:00,-0.75585,0.27939,17.24000,79.30000,285.66700,293.80000
20/06/2013 15:00:00,-0.69050,0.29276,16.01000,88.00000,813.83300,298.50000
20/06/2013 18:00:00,-0.24545,0.46629,18.10000,69.20000,995.50000,309.40000
20/06/2013 21:00:00,-0.08582,0.57755,18.89000,62.40000,682.66700,342.60000
21/06/2013 00:00:00,0.26199,0.46805,19.16000,69.10000,134.00000,318.60000
21/06/2013 03:00:00,-0.60179,-0.05946,18.85000,74.50000,-3.07700,323.60000
21/06/2013 06:00:00,-0.31528,0.36452,18.58000,83.10000,-2.74500,324.20000
21/06/2013 09:00:00,-0.54315,0.14192,18.56000,81.70000,-3.14000,323.90000
21/06/2013 12:00:00,-0.63298,0.61533,18.72000,79.30000,270.83300,379.80000
21/06/2013 15:00:00,-0.72592,0.51779,19.51000,77.00000,746.50000,346.10000
21/06/2013 18:00:00,-0.73955,0.36376,20.39000,84.10000,895.66700,355.10000
21/06/2013 21:00:00,-0.84413,0.35666,21.09000,84.20000,494.33300,365.30000
22/06/2013 00:00:00,-0.93840,0.70713,20.84000,81.70000,75.80000,355.00000
22/06/2013 03:00:00,-0.90664,0.75308,21.26000,80.80000,-1.95700,349.90000
22/06/2013 06:00:00,-0.23997,1.26833,21.08000,80.10000,-0.82800,386.30000
22/06/2013 09:00:00,-0.04991,1.30516,20.84000,79.30000,-1.55700,357.60000
22/06/2013 12:00:00,0.36863,1.34224,20.64000,82.20000,245.50000,364.00000
22/06/2013 15:00:00,0.83524,1.29084,20.84000,86.00000,633.50000,374.30000
22/06/2013 18:00:00,0.77255,1.37347,22.03000,84.20000,752.50000,392.20000
22/06/2013 21:00:00,0.37234,0.84766,22.84000,84.00000,448.66700,393.60000
23/06/2013 00:00:00,0.23627,0.72000,23.46000,83.70000,52.30000,389.20000
23/06/2013 03:00:00,0.67948,0.43011,21.72000,83.90000,-1.42200,375.70000
23/06/2013 06:00:00,0.85975,0.70691,21.31000,88.20000,-1.05200,384.20000
23/06/2013 09:00:00,0.36886,0.89052,21.28000,89.50000,-1.33800,376.90000
23/06/2013 12:00:00,0.30990,1.16821,21.16000,89.80000,92.46700,397.90000
23/06/2013 15:00:00,0.79106,1.10319,21.51000,87.80000,751.33300,364.20000
23/06/2013 18:00:00,0.96083,1.06622,22.64000,84.20000,1017.83300,386.30000
23/06/2013 21:00:00,0.66044,0.91862,25.19000,73.80000,624.50000,382.80000
24/06/2013 00:00:00,0.20702,0.65850,23.72000,84.10000,98.25000,418.50000
24/06/2013 03:00:00,0.16821,1.09437,23.38000,83.80000,-1.51800,387.80000
24/06/2013 06:00:00,0.77029,0.97421,22.13000,84.80000,-0.91200,390.20000
24/06/2013 09:00:00,1.19189,0.98001,21.01000,92.00000,-2.17200,352.90000
24/06/2013 12:00:00,0.90128,0.96973,21.07000,90.60000,312.00000,361.30000
24/06/2013 15:00:00,1.29107,0.94129,21.66000,87.50000,762.50000,365.20000
24/06/2013 18:00:00,0.78983,1.27815,22.94000,84.90000,942.16700,365.90000
24/06/2013 21:00:00,0.43720,0.77426,24.79000,82.70000,625.00000,378.30000
25/06/2013 00:00:00,0.42324,0.86414,23.72000,82.60000,96.56700,397.90000
25/06/2013 03:00:00,0.25357,0.96559,23.97000,83.40000,-0.87700,383.80000
25/06/2013 06:00:00,0.69579,1.22860,23.45000,83.90000,-0.75800,400.40000
25/06/2013 09:00:00,1.00501,1.30300,22.24000,86.10000,-1.44200,360.50000
25/06/2013 12:00:00,1.68661,0.49806,21.36000,88.60000,95.58300,397.50000
25/06/2013 15:00:00,1.25271,0.87794,21.09000,92.60000,702.83300,381.60000
25/06/2013 18:00:00,0.96375,0.58839,21.95000,90.90000,588.00000,400.60000
25/06/2013 21:00:00,-0.10562,0.48986,21.49000,86.30000,37.71700,402.90000
26/06/2013 00:00:00,-0.05418,0.63129,20.71000,94.70000,12.13000,407.90000
26/06/2013 03:00:00,0.24003,1.14568,21.23000,91.00000,-0.86700,406.50000
26/06/2013 06:00:00,1.50964,0.52332,20.73000,93.40000,-0.84000,402.30000
26/06/2013 09:00:00,0.36390,1.07127,20.63000,91.70000,-0.73000,391.40000
26/06/2013 12:00:00,1.03657,0.68609,20.57000,94.30000,155.83300,374.30000
26/06/2013 15:00:00,1.18395,0.79002,20.89000,90.60000,810.00000,361.00000
26/06/2013 18:00:00,0.86202,0.89561,21.35000,92.20000,955.16700,360.10000
26/06/2013 21:00:00,0.32727,1.02601,22.40000,90.00000,512.33300,377.70000
27/06/2013 00:00:00,0.29417,0.64406,22.85000,88.40000,118.26700,368.20000
27/06/2013 03:00:00,-0.57634,-0.06253,22.40000,89.00000,-0.62300,404.10000
27/06/2013 06:00:00,-0.42322,0.23459,21.44000,95.40000,-0.88200,408.50000
27/06/2013 09:00:00,-0.35975,-0.09224,21.11000,96.30000,-0.49800,410.60000
27/06/2013 12:00:00,-0.56080,0.68499,20.81000,97.80000,37.15000,410.90000
27/06/2013 15:00:00,-0.80925,-0.73600,20.50000,95.50000,434.83300,394.40000
27/06/2013 18:00:00,-0.78854,-0.35422,20.79000,85.50000,709.00000,369.60000
27/06/2013 21:00:00,0.24747,-0.42741,21.91000,81.40000,653.50000,353.10000
28/06/2013 00:00:00,0.65465,0.40115,21.48000,90.30000,12.20700,396.20000
28/06/2013 03:00:00,0.35661,-0.24422,21.07000,93.50000,-1.69000,388.40000
28/06/2013 06:00:00,0.15640,0.25763,20.92000,94.80000,-1.06500,404.70000
28/06/2013 09:00:00,0.64015,0.40707,21.12000,89.50000,-1.03500,394.50000
28/06/2013 12:00:00,0.50808,-0.29220,21.22000,90.60000,195.50000,419.80000
28/06/2013 15:00:00,-0.58399,0.21475,21.11000,87.70000,796.00000,354.40000
28/06/2013 18:00:00,0.61340,-0.22731,21.71000,85.30000,850.66700,367.70000
28/06/2013 21:00:00,0.59023,-0.13162,20.50000,81.20000,636.83300,378.60000
29/06/2013 00:00:00,-0.37785,0.74244,21.00000,83.50000,43.63300,387.00000
29/06/2013 03:00:00,0.47939,-0.29213,20.37000,85.80000,-1.03800,389.50000
29/06/2013 06:00:00,-0.21681,-0.87893,19.84000,87.90000,-1.73200,392.20000
29/06/2013 09:00:00,-0.34123,-0.93998,19.08000,90.40000,-0.76500,393.60000
29/06/2013 12:00:00,-0.38069,-0.52720,19.79000,86.50000,107.55000,388.90000
29/06/2013 15:00:00,-0.09076,-0.16121,19.67000,85.90000,276.50000,397.40000
29/06/2013 18:00:00,0.19130,0.78108,20.46000,80.00000,1055.16700,356.50000
29/06/2013 21:00:00,0.72515,0.47867,21.33000,77.10000,313.33300,363.40000
30/06/2013 00:00:00,0.86996,-0.82007,21.72000,74.90000,111.65000,382.80000
30/06/2013 03:00:00,-0.65828,-1.26196,20.68000,78.30000,-1.58000,367.30000
30/06/2013 06:00:00,-0.81891,-1.44043,20.59000,77.30000,-1.31300,361.50000
30/06/2013 09:00:00,-0.57043,-0.86262,19.56000,74.50000,-1.22500,359.40000
30/06/2013 12:00:00,-0.97798,-1.01609,19.34000,79.10000,88.30000,364.30000
30/06/2013 15:00:00,-1.08683,-0.51395,19.19000,80.70000,394.83300,360.20000
30/06/2013 18:00:00,-0.06277,0.34094,19.47000,80.40000,820.66700,342.00000
30/06/2013 21:00:00,0.22762,0.08284,20.06000,81.10000,669.16700,341.90000
01/07/2013 00:00:00,0.15364,0.25378,20.48000,78.70000,78.78300,347.20000
01/07/2013 03:00:00,0.33271,-0.47982,20.90000,81.40000,-1.86800,352.70000
01/07/2013 06:00:00,-1.09053,-1.23158,20.51000,83.90000,-1.25800,365.40000
01/07/2013 09:00:00,-1.52655,-1.47907,20.21000,84.60000,-0.92300,369.00000
01/07/2013 12:00:00,-1.81221,-1.49132,19.89000,79.70000,60.30000,380.20000
01/07/2013 15:00:00,-1.57620,-1.36102,19.62000,84.40000,178.50000,381.00000
01/07/2013 18:00:00,-1.60666,-1.36989,19.80000,82.00000,214.66700,395.40000
01/07/2013 21:00:00,-1.61370,-1.05465,19.58000,84.80000,71.71700,401.40000
02/07/2013 00:00:00,-1.76240,-0.77155,19.44000,78.80000,18.71700,382.30000
02/07/2013 03:00:00,-2.04088,-0.92394,19.45000,84.10000,-0.21000,399.60000
02/07/2013 06:00:00,-2.45510,-0.84992,18.94000,87.20000,-0.24000,398.40000
02/07/2013 09:00:00,-1.91947,-0.70223,18.09000,89.60000,-0.28800,393.60000
02/07/2013 12:00:00,-1.62674,-0.69688,18.25000,91.00000,37.55000,397.00000
02/07/2013 15:00:00,-1.12384,-0.70291,18.25000,93.90000,156.00000,399.70000
02/07/2013 18:00:00,-0.58203,-0.40467,18.52000,91.40000,603.50000,391.50000
02/07/2013 21:00:00,-0.32267,-0.57479,18.83000,90.50000,658.66700,351.10000
03/07/2013 00:00:00,-0.56488,0.04138,19.24000,90.70000,81.91700,371.80000
03/07/2013 03:00:00,-0.94430,0.57813,19.32000,93.10000,-1.40200,381.20000
03/07/2013 06:00:00,-0.70236,-0.39048,19.78000,92.80000,-1.40800,383.50000
03/07/2013 09:00:00,-0.76444,-0.08999,19.67000,95.30000,-1.62000,361.50000
03/07/2013 12:00:00,-0.83291,0.28486,19.92000,94.40000,183.33300,389.90000
03/07/2013 15:00:00,-0.40262,0.54696,20.96000,91.60000,721.16700,406.10000
03/07/2013 18:00:00,-0.38508,0.12725,24.55000,77.70000,934.16700,380.10000
03/07/2013 21:00:00,-0.36307,0.09271,23.93000,85.10000,407.66700,388.60000
04/07/2013 00:00:00,-0.78661,0.61068,22.47000,93.10000,60.23300,388.40000
04/07/2013 03:00:00,-0.65809,0.93325,21.93000,92.50000,-0.92000,397.20000
04/07/2013 06:00:00,-0.17045,0.76883,21.73000,89.60000,-0.54800,407.30000
04/07/2013 09:00:00,0.77763,0.81604,21.18000,94.60000,-0.67800,408.30000
04/07/2013 12:00:00,0.24831,0.60731,20.71000,97.70000,118.46700,395.40000
04/07/2013 15:00:00,-0.23680,0.79695,20.93000,95.20000,278.66700,393.80000
04/07/2013 18:00:00,0.06745,0.59424,22.60000,89.20000,812.33300,393.60000
04/07/2013 21:00:00,0.00876,0.46881,23.21000,85.60000,207.00000,407.90000
05/07/2013 00:00:00,-0.25862,0.74706,22.41000,93.10000,80.35000,392.70000
05/07/2013 03:00:00,0.30284,0.83423,22.09000,94.40000,-2.03800,374.10000
05/07/2013 06:00:00,0.15385,0.46171,21.81000,95.40000,-0.92800,403.80000
05/07/2013 09:00:00,-0.38862,0.17945,21.12000,94.40000,-0.74300,410.90000
05/07/2013 12:00:00,-0.38132,0.82044,21.28000,94.40000,62.26700,415.60000
05/07/2013 15:00:00,-0.09902,0.94594,21.81000,90.50000,386.33300,404.80000
05/07/2013 18:00:00,0.72019,1.30312,21.23000,93.50000,628.83300,396.50000
05/07/2013 21:00:00,0.79215,0.97162,21.66000,91.60000,626.83300,361.50000
06/07/2013 00:00:00,0.63478,0.53129,21.71000,92.60000,84.33300,379.90000
06/07/2013 03:00:00,0.27005,0.49787,21.66000,93.40000,-2.16000,372.70000
06/07/2013 06:00:00,-0.04716,0.44333,21.91000,90.90000,-1.85200,367.10000
06/07/2013 09:00:00,0.31347,0.62029,21.66000,93.10000,-1.03700,391.00000
06/07/2013 12:00:00,0.28092,0.71663,21.42000,93.70000,104.45000,375.80000
06/07/2013 15:00:00,0.24356,0.76144,21.86000,92.80000,601.33300,376.70000
06/07/2013 18:00:00,0.19772,0.56884,24.02000,80.90000,891.83300,379.60000
06/07/2013 21:00:00,-0.21550,0.11887,23.95000,87.20000,284.33300,415.30000
07/07/2013 00:00:00,-0.69129,-0.23195,22.46000,93.50000,2.63200,420.20000
07/07/2013 03:00:00,-0.52465,0.39398,22.12000,92.50000,-0.91000,381.60000
07/07/2013 06:00:00,0.00515,1.12971,22.04000,94.80000,-1.12700,384.70000
07/07/2013 09:00:00,0.96065,1.06601,21.69000,93.00000,-0.39000,407.50000
07/07/2013 12:00:00,1.03527,1.27086,21.37000,91.10000,86.48300,408.30000
07/07/2013 15:00:00,1.11506,1.54011,21.36000,89.20000,507.33300,410.10000
07/07/2013 18:00:00,1.32159,1.55913,21.58000,89.60000,427.83300,383.80000
07/07/2013 21:00:00,1.34346,1.17868,22.21000,88.30000,326.00000,377.10000
08/07/2013 00:00:00,1.09444,0.94820,22.46000,87.10000,112.20000,367.70000
08/07/2013 03:00:00,0.92907,0.77042,22.07000,88.60000,-1.09800,382.60000
08/07/2013 06:00:00,0.84669,0.33800,21.48000,85.70000,-1.21700,374.30000
08/07/2013 09:00:00,0.80507,0.22363,21.40000,93.30000,-1.34500,374.60000
08/07/2013 12:00:00,0.53192,0.54671,21.47000,90.10000,216.50000,366.70000
08/07/2013 15:00:00,0.89167,1.15011,21.51000,88.80000,585.83300,371.30000
08/07/2013 18:00:00,0.81808,1.11137,22.81000,89.30000,660.33300,399.40000
08/07/2013 21:00:00,0.35094,0.59183,23.20000,90.60000,181.33300,406.10000
09/07/2013 00:00:00,1.42331,-0.17837,20.98000,96.40000,8.61000,410.70000
09/07/2013 03:00:00,-0.10939,1.02445,21.37000,93.90000,-0.21300,411.60000
09/07/2013 06:00:00,0.01594,1.32157,21.68000,93.40000,-0.80000,406.80000
09/07/2013 09:00:00,0.25323,1.35996,21.68000,94.60000,-0.77500,396.00000
09/07/2013 12:00:00,0.11447,0.84506,21.94000,94.90000,74.38300,420.40000
09/07/2013 15:00:00,0.10561,0.53269,22.16000,96.30000,192.83300,423.50000
09/07/2013 18:00:00,0.13043,0.59419,22.12000,97.90000,246.33300,426.60000
09/07/2013 21:00:00,0.48588,0.88957,23.35000,93.20000,625.66700,374.80000
10/07/2013 00:00:00,0.36239,0.76058,23.49000,94.10000,74.75000,396.80000
10/07/2013 03:00:00,1.04829,1.53208,22.96000,94.00000,-0.71300,408.10000
10/07/2013 06:00:00,1.28661,1.20378,22.59000,92.70000,-0.39800,409.40000
10/07/2013 09:00:00,1.59914,1.34179,20.46000,96.20000,-0.39200,414.10000
10/07/2013 12:00:00,1.04149,1.64989,22.77000,92.10000,121.21700,421.20000
10/07/2013 15:00:00,0.82869,1.25430,23.32000,92.50000,746.50000,384.30000
10/07/2013 18:00:00,0.92063,0.86066,23.86700,91.80000,335.41700,409.93700
10/07/2013 21:00:00,1.34719,0.78601,22.86000,81.00000,8.36300,407.20000
11/07/2013 00:00:00,1.24944,-0.31869,22.31000,82.50000,130.33300,382.20000
11/07/2013 03:00:00,0.25322,-1.07046,22.24000,76.50000,-0.56500,408.80000
11/07/2013 06:00:00,0.13354,-1.23586,21.38000,74.50000,-0.71500,400.00000
11/07/2013 09:00:00,0.15012,-0.62529,20.73000,69.90000,-1.52700,368.40000
11/07/2013 12:00:00,0.81059,-0.39744,20.13000,70.80000,152.50000,365.10000
11/07/2013 15:00:00,0.54495,-0.67640,19.62000,71.10000,794.50000,323.10000
11/07/2013 18:00:00,0.52034,-0.60363,20.43000,61.90000,968.00000,329.00000
11/07/2013 21:00:00,0.84620,-0.35961,21.72000,62.90000,639.00000,368.20000
12/07/2013 00:00:00,0.88403,-1.83573,22.21000,65.50000,135.16700,350.10000
12/07/2013 03:00:00,0.56414,-1.60367,20.47000,67.70000,-2.37500,327.00000
12/07/2013 06:00:00,-0.86533,-1.39770,19.88000,82.00000,-1.07500,371.50000
12/07/2013 09:00:00,-1.49047,-0.62975,20.80000,87.20000,-2.02500,333.70000
12/07/2013 12:00:00,-1.26411,-0.74319,20.64000,84.30000,228.83300,333.60000
12/07/2013 15:00:00,-0.78917,-0.53086,20.29000,85.10000,757.83300,336.20000
12/07/2013 18:00:00,-0.86444,0.18037,20.74000,84.40000,973.33300,341.90000
12/07/2013 21:00:00,-1.48680,0.29094,21.74000,77.90000,275.83300,348.30000
13/07/2013 00:00:00,-1.52977,-0.19559,22.20000,77.20000,135.16700,341.50000
13/07/2013 03:00:00,-1.71098,0.05760,21.97000,84.00000,-1.59200,355.20000
13/07/2013 06:00:00,-1.70911,0.19328,21.72000,84.60000,-2.21200,332.30000
13/07/2013 09:00:00,-0.96434,-1.13767,21.02000,77.40000,-2.46500,332.20000
13/07/2013 12:00:00,-1.74322,-0.58974,21.38000,82.80000,233.33300,344.20000
13/07/2013 15:00:00,-1.61507,0.13656,21.50000,82.50000,757.50000,350.30000
13/07/2013 18:00:00,-1.28959,0.50056,21.49000,87.80000,956.00000,361.10000
13/07/2013 21:00:00,-0.63846,0.33879,21.97000,85.70000,668.66700,362.00000
14/07/2013 00:00:00,-0.41414,-0.17173,22.40000,84.70000,124.11700,358.40000
14/07/2013 03:00:00,-0.47765,-0.42972,22.33000,89.30000,-2.12300,362.50000
14/07/2013 06:00:00,-0.81275,-0.08542,23.61000,79.70000,-1.36800,367.20000
14/07/2013 09:00:00,-0.78920,-0.03544,22.05000,91.50000,-2.04000,365.40000
14/07/2013 12:00:00,-1.00249,0.03376,22.39000,89.70000,230.16700,371.90000
14/07/2013 15:00:00,-0.95674,0.17896,22.81000,89.90000,747.33300,377.10000
14/07/2013 18:00:00,-0.70156,0.01225,23.36000,90.20000,905.00000,385.90000
14/07/2013 21:00:00,-0.33484,-0.15546,23.65000,89.70000,640.66700,384.70000
15/07/2013 00:00:00,-0.29573,0.18927,23.88000,89.10000,117.10000,385.50000
15/07/2013 03:00:00,-0.15587,-0.07324,23.92000,88.40000,-1.73000,389.20000
15/07/2013 06:00:00,-0.31293,-0.43223,23.49000,93.40000,-1.98800,389.60000
15/07/2013 09:00:00,-0.38806,-0.35976,23.56000,93.40000,-2.02700,389.80000
15/07/2013 12:00:00,-0.32746,-0.17639,23.87000,92.10000,121.21700,419.30000
15/07/2013 15:00:00,-0.46232,0.23315,24.25000,90.20000,474.16700,425.00000
15/07/2013 18:00:00,0.32737,0.19837,25.52000,84.80000,727.83300,419.90000
15/07/2013 21:00:00,0.33937,0.34881,27.10000,76.10000,647.16700,394.10000
16/07/2013 00:00:00,0.19381,-0.08370,26.83000,86.80000,109.11700,458.80000
16/07/2013 03:00:00,-0.23855,0.12042,25.48000,93.00000,-1.91800,433.60000
16/07/2013 06:00:00,-0.08737,0.12702,25.66000,88.90000,-1.79800,433.10000
16/07/2013 09:00:00,-0.18023,0.08987,25.03000,97.20000,-0.82500,431.70000
16/07/2013 12:00:00,-0.17322,-0.29547,25.50000,92.40000,211.33300,431.90000
16/07/2013 15:00:00,-0.19020,0.04299,25.80000,89.90000,488.16700,420.80000
16/07/2013 18:00:00,0.35756,0.46160,26.81000,82.70000,842.66700,440.60000
16/07/2013 21:00:00,0.94969,0.42661,27.61000,83.50000,591.50000,411.00000
17/07/2013 00:00:00,0.72854,0.50294,27.07000,87.10000,29.10000,404.20000
17/07/2013 03:00:00,0.51181,0.25279,26.67000,91.80000,-1.89300,403.70000
17/07/2013 06:00:00,0.09824,0.56260,26.40000,95.30000,-1.77300,407.10000
17/07/2013 09:00:00,0.62945,0.32967,26.61000,89.60000,-1.12300,415.00000
17/07/2013 12:00:00,0.66888,-0.02753,26.27000,89.40000,231.33300,398.60000
17/07/2013 15:00:00,0.67348,0.47794,26.56000,86.20000,741.50000,401.50000
17/07/2013 18:00:00,0.92753,0.94465,26.88000,89.60000,912.33300,403.10000
17/07/2013 21:00:00,1.29096,0.92246,27.45000,87.70000,630.00000,403.10000
18/07/2013 00:00:00,1.13581,0.02595,27.74000,84.60000,110.18300,405.80000
18/07/2013 03:00:00,0.94720,0.22159,27.49000,86.00000,-1.36700,409.20000
18/07/2013 06:00:00,0.64252,0.24146,26.65000,92.80000,-1.78800,403.40000
18/07/2013 09:00:00,0.88007,0.01902,26.56000,90.30000,-1.72200,402.40000
18/07/2013 12:00:00,0.77268,-0.23552,26.52000,86.40000,224.16700,408.60000
18/07/2013 15:00:00,0.59553,0.18315,26.49000,87.20000,749.83300,394.20000
18/07/2013 18:00:00,0.85443,0.65281,27.02000,87.80000,923.00000,396.30000
18/07/2013 21:00:00,1.12527,1.02597,28.13000,80.40000,626.00000,402.30000
19/07/2013 00:00:00,0.52082,1.04024,27.94000,87.30000,25.40000,405.50000
19/07/2013 03:00:00,0.74438,0.77018,28.50000,82.70000,-1.65500,411.00000
19/07/2013 06:00:00,1.05936,0.99780,28.10000,83.60000,-1.53800,405.90000
19/07/2013 09:00:00,1.39252,1.07405,27.26000,84.80000,-1.62300,393.80000
19/07/2013 12:00:00,1.47619,1.18024,26.64000,85.60000,218.16700,399.00000
19/07/2013 15:00:00,1.51749,1.40216,26.53000,85.30000,739.83300,400.20000
19/07/2013 18:00:00,1.60885,1.68692,27.40000,83.00000,915.83300,401.20000
19/07/2013 21:00:00,1.37560,1.68725,28.14000,76.50000,618.00000,400.10000
20/07/2013 00:00:00,1.37463,2.10908,27.88000,81.50000,87.71700,410.00000
20/07/2013 03:00:00,1.51030,2.09517,22.38000,95.20000,-0.20700,422.90000
20/07/2013 06:00:00,0.93248,2.69725,22.40000,89.00000,-0.25500,423.30000
20/07/2013 09:00:00,1.37082,2.22658,22.07000,93.40000,-2.78800,415.10000
20/07/2013 12:00:00,1.79510,1.77139,23.35000,88.90000,6.28500,415.90000
20/07/2013 15:00:00,1.32126,-0.51033,23.31000,88.60000,86.31700,423.70000
20/07/2013 18:00:00,0.74884,0.37065,24.17000,87.20000,736.66700,388.10000
20/07/2013 21:00:00,0.64622,0.16941,24.78000,82.20000,511.83300,373.10000
21/07/2013 00:00:00,0.09615,0.25586,24.68800,80.50000,104.02800,373.30900
21/07/2013 03:00:00,0.38844,-0.77505,24.37000,84.20000,-5.62500,372.10000
21/07/2013 06:00:00,-0.52329,-1.25891,24.00000,89.50000,-4.73500,385.30000
21/07/2013 09:00:00,-1.02018,-1.01510,23.14000,72.30000,-4.79500,374.70000
21/07/2013 12:00:00,-0.79348,-0.88125,23.34000,66.50000,166.83300,358.80000
21/07/2013 15:00:00,-0.83110,-0.58556,22.88000,68.80000,775.00000,369.30000
21/07/2013 18:00:00,-0.42196,-0.16947,22.67000,72.00000,921.33300,358.80000
21/07/2013 21:00:00,-0.15376,-0.01113,22.99000,75.50000,658.50000,348.70000
22/07/2013 00:00:00,-0.23451,0.20696,23.50000,70.40000,89.65000,369.10000
22/07/2013 03:00:00,-0.67309,0.03808,23.43000,72.40000,-6.98300,346.70000
22/07/2013 06:00:00,-1.02881,-0.07667,23.45000,80.80000,-6.89000,354.30000
22/07/2013 09:00:00,-0.89290,-0.48962,23.59000,79.80000,-6.29700,379.70000
22/07/2013 12:00:00,-1.41878,0.21143,23.67000,75.90000,126.05000,384.60000
22/07/2013 15:00:00,-1.19594,-0.42071,23.77000,75.80000,118.81700,399.90000
22/07/2013 18:00:00,-1.30498,0.05426,23.67000,79.00000,321.33300,402.60000
22/07/2013 21:00:00,-1.22408,-0.21637,23.56000,86.60000,99.71700,405.60000
23/07/2013 00:00:00,-0.83440,0.50277,22.44000,80.20000,-1.49700,416.60000
23/07/2013 03:00:00,-0.75210,0.34578,22.19000,88.30000,-6.87500,372.70000
23/07/2013 06:00:00,0.38290,-0.10037,23.12000,83.30000,-6.53800,361.80000
23/07/2013 09:00:00,0.32710,-0.18453,23.43000,73.00000,-6.39300,355.00000
23/07/2013 12:00:00,1.03871,0.35525,23.31000,80.50000,201.66700,358.80000
23/07/2013 15:00:00,1.29334,1.02413,23.26000,84.50000,287.33300,411.50000
23/07/2013 18:00:00,1.61050,0.84776,23.43000,83.60000,502.50000,401.10000
23/07/2013 21:00:00,1.01563,0.34977,23.78000,84.60000,374.50000,376.00000
24/07/2013 00:00:00,0.56430,-2.11663,22.57000,80.90000,80.96700,378.40000
24/07/2013 03:00:00,0.39092,-2.60079,20.28000,75.90000,-3.71500,360.80000
24/07/2013 06:00:00,0.78583,-1.80315,19.14000,68.10000,-4.45300,314.50000
24/07/2013 09:00:00,0.59663,-1.93133,18.28000,71.30000,-4.45700,315.00000
24/07/2013 12:00:00,-0.63453,-1.83947,17.22000,66.10000,93.46700,369.90000
24/07/2013 15:00:00,0.05917,-1.20549,16.66000,67.20000,655.16700,353.60000
24/07/2013 18:00:00,-0.27605,-0.65715,17.55000,61.50000,895.00000,316.50000
24/07/2013 21:00:00,0.23933,-0.34885,18.76000,57.70000,678.50000,305.40000
25/07/2013 00:00:00,0.32586,1.31438,19.56000,55.90000,107.26700,318.80000
25/07/2013 03:00:00,0.19242,-1.98961,19.09000,69.60000,-4.73700,322.20000
25/07/2013 06:00:00,-1.19887,-1.33818,19.32000,70.40000,-5.51300,320.30000
25/07/2013 09:00:00,-1.23190,-0.23678,19.58000,63.40000,-4.60000,340.70000
25/07/2013 12:00:00,-1.37667,-0.17079,19.65000,57.00000,228.16700,305.30000
25/07/2013 15:00:00,-1.15347,0.15331,19.71000,55.90000,749.50000,314.90000
25/07/2013 18:00:00,-0.54083,0.02451,20.10000,53.80000,961.83300,318.80000
25/07/2013 21:00:00,-0.31725,0.51482,20.68000,58.30000,673.33300,319.40000
26/07/2013 00:00:00,-0.51053,0.44791,21.27000,55.30000,102.76700,313.60000
26/07/2013 03:00:00,-0.99011,0.06469,21.62000,58.80000,-5.81500,318.10000
26/07/2013 06:00:00,-0.92341,0.05879,21.44000,59.90000,-6.28500,320.10000
26/07/2013 09:00:00,-0.94511,-0.64784,20.94000,62.40000,-5.94700,316.80000
26/07/2013 12:00:00,-1.21161,-0.23343,21.33000,57.70000,233.50000,324.00000
26/07/2013 15:00:00,-0.63117,0.40358,20.94000,65.50000,787.83300,325.40000
26/07/2013 18:00:00,-0.79529,0.61762,21.68000,57.10000,847.50000,335.10000
26/07/2013 21:00:00,-0.35535,0.38909,22.41000,55.10000,661.33300,352.90000
27/07/2013 00:00:00,-0.39668,0.68640,22.41000,58.90000,33.60000,340.00000
27/07/2013 03:00:00,-0.91028,0.81893,22.74000,70.50000,-4.03200,358.20000
27/07/2013 06:00:00,-1.01793,1.14001,23.70000,69.40000,-3.66200,386.90000
27/07/2013 09:00:00,0.44982,1.49345,23.10000,70.90000,-3.24300,389.70000
27/07/2013 12:00:00,1.15133,0.39590,20.90000,85.40000,15.00000,405.00000
27/07/2013 15:00:00,1.59269,1.24112,20.19000,82.00000,114.73300,394.10000
27/07/2013 18:00:00,0.48211,2.21821,19.95000,86.70000,246.50000,392.30000
27/07/2013 21:00:00,0.39327,2.11203,21.60000,79.00000,106.30000,404.20000
28/07/2013 00:00:00,0.57536,2.15450,22.15000,78.70000,89.11700,347.90000
28/07/2013 03:00:00,2.12963,0.82667,20.21000,78.00000,-3.52000,368.30000
28/07/2013 06:00:00,1.98337,-0.53144,18.79000,74.50000,-2.82000,376.10000
28/07/2013 09:00:00,1.64937,-0.03426,17.44000,69.30000,-4.06800,309.80000
28/07/2013 12:00:00,1.65780,0.05998,18.40700,57.90000,203.20400,337.80000
28/07/2013 15:00:00,1.63892,0.22410,18.11000,60.60000,843.00000,317.10000
28/07/2013 18:00:00,1.85493,1.53295,18.78000,60.10000,257.00000,365.00000
28/07/2013 21:00:00,1.85615,1.29853,20.19000,59.80000,575.16700,352.20000
29/07/2013 00:00:00,2.15580,1.07484,17.86000,82.30000,48.88300,368.90000
29/07/2013 03:00:00,1.66962,0.50062,18.14000,72.40000,-4.61200,375.60000
29/07/2013 06:00:00,1.73397,-0.13430,18.86000,68.90000,-2.51200,379.00000
29/07/2013 09:00:00,1.35786,-0.25984,18.87000,60.40000,-2.83500,359.60000
29/07/2013 12:00:00,1.28496,0.50554,19.30000,64.40000,87.93300,367.10000
29/07/2013 15:00:00,2.24410,0.54075,19.68000,65.30000,737.50000,330.40000
29/07/2013 18:00:00,1.60216,0.24897,19.31000,74.40000,403.50000,380.60000
29/07/2013 21:00:00,1.20795,-0.05424,19.96000,70.20000,446.50000,365.50000
30/07/2013 00:00:00,0.81128,-0.43267,20.08000,68.40000,38.01700,325.90000
30/07/2013 03:00:00,0.91481,-0.19325,20.22000,61.80000,-4.90700,324.00000
30/07/2013 06:00:00,0.94964,0.05293,20.17000,63.10000,-4.95700,316.60000
30/07/2013 09:00:00,1.21086,-0.49626,19.94000,66.10000,-5.50800,318.10000
30/07/2013 12:00:00,-0.35797,0.80694,20.08000,65.10000,223.66700,330.60000
30/07/2013 15:00:00,0.12980,0.01851,20.19000,68.10000,756.00000,326.10000
30/07/2013 18:00:00,0.37472,0.64840,20.84000,65.90000,939.16700,326.00000
30/07/2013 21:00:00,0.57079,0.79046,21.86000,57.90000,535.66700,320.10000
31/07/2013 00:00:00,0.59244,0.73160,21.50000,58.90000,57.00000,323.00000
31/07/2013 03:00:00,0.26932,0.32589,21.62000,59.20000,-5.74700,333.40000
31/07/2013 06:00:00,-0.21331,-0.27397,21.79000,67.20000,-5.03800,346.30000
31/07/2013 09:00:00,-0.66827,0.17401,21.33000,77.20000,-4.32200,352.60000
31/07/2013 12:00:00,-0.40978,0.70706,21.09000,76.90000,108.66700,360.20000
31/07/2013 15:00:00,-0.63143,0.61692,21.79000,73.20000,764.33300,349.40000
31/07/2013 18:00:00,-0.75501,0.51247,22.54000,69.40000,537.83300,391.10000
31/07/2013 21:00:00,-0.63781,0.67378,22.98000,70.60000,233.83300,398.70000
01/08/2013 00:00:00,-0.97349,0.65898,23.13000,78.70000,30.10000,391.30000
01/08/2013 03:00:00,-0.80528,1.71753,23.12000,78.00000,-3.52500,402.70000
01/08/2013 06:00:00,0.94750,1.92439,21.40000,87.90000,-3.86700,402.80000
01/08/2013 09:00:00,1.87854,-1.30722,20.65000,84.90000,-3.22700,388.30000
01/08/2013 12:00:00,1.60168,-0.81525,19.50000,86.20000,33.13300,395.80000
01/08/2013 15:00:00,1.11500,-0.30027,20.64000,83.30000,423.50000,393.00000
01/08/2013 18:00:00,0.94868,0.77149,20.85000,83.00000,917.00000,337.30000
01/08/2013 21:00:00,1.17212,1.17507,22.18000,77.30000,682.83300,366.90000
02/08/2013 00:00:00,1.28832,0.56336,22.46000,75.40000,80.93300,370.10000
02/08/2013 03:00:00,0.88593,0.34983,22.07000,62.60000,-5.57200,333.60000
02/08/2013 06:00:00,1.08546,-0.19466,22.42000,64.40000,-5.32200,331.20000
02/08/2013 09:00:00,1.43607,-0.27234,21.05000,67.20000,-4.82000,353.90000
02/08/2013 12:00:00,1.21865,-0.37202,20.17000,73.80000,206.33300,316.90000
02/08/2013 15:00:00,1.36693,0.11387,21.08000,64.10000,559.83300,351.30000
02/08/2013 18:00:00,1.67519,1.27879,21.48000,70.40000,920.50000,329.00000
02/08/2013 21:00:00,1.90875,1.68587,21.95000,69.10000,136.50000,396.30000
03/08/2013 00:00:00,2.27573,1.03826,22.37000,73.90000,19.25000,393.30000
03/08/2013 03:00:00,1.50241,0.50410,21.89000,88.30000,-4.65000,358.80000
03/08/2013 06:00:00,1.15990,-0.39832,22.04000,83.80000,-4.59800,374.70000
03/08/2013 09:00:00,1.06305,-1.09806,21.09000,79.60000,-5.58200,338.70000
03/08/2013 12:00:00,0.16770,-1.19692,19.50000,87.80000,147.83300,335.40000
03/08/2013 15:00:00,0.56685,-0.89965,20.20000,76.60000,747.00000,323.60000
03/08/2013 18:00:00,0.94769,0.09563,21.20000,67.00000,915.33300,320.20000
03/08/2013 21:00:00,0.69472,-1.20329,21.83000,65.70000,615.66700,333.20000
04/08/2013 00:00:00,0.83745,0.12268,22.43000,64.10000,54.70000,341.00000
04/08/2013 03:00:00,-0.69176,1.71071,22.23000,61.20000,-6.90300,342.70000
04/08/2013 06:00:00,0.27289,-1.46225,19.57000,72.80000,-4.97000,335.30000
04/08/2013 09:00:00,0.65681,-1.33959,18.76000,70.70000,-5.76700,305.30000
04/08/2013 12:00:00,0.91588,-1.06068,18.14000,72.20000,160.33300,312.10000
04/08/2013 15:00:00,0.83764,-1.24969,17.63000,72.20000,760.50000,307.90000
04/08/2013 18:00:00,1.10248,-0.49797,18.89000,63.30000,938.66700,312.50000
04/08/2013 21:00:00,0.98189,-1.73888,20.26000,67.90000,383.50000,338.30000
05/08/2013 00:00:00,0.71712,-1.86582,20.30000,52.30000,56.81700,309.40000
05/08/2013 03:00:00,0.45357,-1.78752,18.80000,55.30000,-5.68500,311.40000
05/08/2013 06:00:00,-0.57995,-1.26843,18.05000,58.00000,-6.95500,291.30000
05/08/2013 09:00:00,-0.15687,-0.55578,17.99000,63.70000,-7.70800,296.40000
05/08/2013 12:00:00,-0.20738,-0.57721,18.57000,61.70000,189.00000,301.50000
05/08/2013 15:00:00,-0.57381,-0.14764,19.02000,60.50000,592.00000,329.30000
05/08/2013 18:00:00,-0.28422,0.23428,20.23000,53.60000,528.33300,344.20000
05/08/2013 21:00:00,-0.07504,0.38016,20.07000,55.20000,158.83300,383.70000
06/08/2013 00:00:00,-0.04986,0.40892,20.69000,60.10000,31.36700,335.70000
06/08/2013 03:00:00,0.04102,0.63200,21.11000,59.60000,-6.29800,334.70000
06/08/2013 06:00:00,0.16576,0.97067,20.87000,68.70000,-5.83700,336.10000
06/08/2013 09:00:00,0.25303,1.31335,21.02000,68.90000,-4.82000,384.40000
06/08/2013 12:00:00,0.20198,1.45466,21.09000,68.90000,73.06700,376.80000
06/08/2013 15:00:00,0.13099,1.39693,21.38000,68.30000,391.00000,378.50000
06/08/2013 18:00:00,-0.22835,0.96530,22.66000,63.90000,457.66700,388.00000
06/08/2013 21:00:00,-0.31252,0.76802,22.77000,65.00000,254.00000,394.20000
07/08/2013 00:00:00,-1.02727,0.81783,23.00000,79.60000,35.21700,347.10000
07/08/2013 03:00:00,-1.08207,1.07222,22.88000,76.10000,-6.40300,349.00000
07/08/2013 06:00:00,-0.06497,1.42046,22.64000,78.90000,-6.07000,357.80000
07/08/2013 09:00:00,0.03664,1.63209,22.38000,77.50000,-5.68000,365.70000
07/08/2013 12:00:00,0.01856,1.48961,22.38000,79.20000,62.01700,398.20000
07/08/2013 15:00:00,0.19979,1.43028,22.62000,82.60000,418.83300,386.40000
07/08/2013 18:00:00,0.38628,1.77370,22.20000,87.40000,187.66700,394.20000
07/08/2013 21:00:00,0.57155,0.94765,22.71000,80.60000,581.16700,350.90000
08/08/2013 00:00:00,0.49498,0.85320,23.19000,85.60000,73.28300,373.00000
08/08/2013 03:00:00,0.24805,1.09731,23.64000,83.90000,-5.19300,391.00000
08/08/2013 06:00:00,0.95997,0.04070,22.88000,90.80000,-4.82000,402.60000
08/08/2013 09:00:00,-0.89373,0.39178,22.47000,94.80000,-4.90700,398.10000
08/08/2013 12:00:00,-0.35315,-1.00121,21.85000,93.30000,35.88300,412.40000
08/08/2013 15:00:00,-0.38902,-0.98275,21.35000,92.40000,286.50000,409.90000
08/08/2013 18:00:00,0.16177,-0.48483,21.82000,82.90000,915.16700,368.10000
08/08/2013 21:00:00,0.54661,-0.84633,22.68000,83.10000,526.00000,367.70000
09/08/2013 00:00:00,0.73200,-1.39550,22.39000,81.70000,14.13300,406.30000
09/08/2013 03:00:00,0.68290,-1.59586,21.17000,70.00000,-4.52200,397.60000
09/08/2013 06:00:00,-0.39949,1.03979,19.94000,87.70000,-4.10800,393.50000
09/08/2013 09:00:00,-0.61753,-1.09894,20.11000,85.70000,-4.44500,393.60000
09/08/2013 12:00:00,-0.03966,-1.19240,19.76000,86.40000,29.38300,391.70000
09/08/2013 15:00:00,0.29204,0.96134,20.32000,67.10000,590.83300,347.60000
09/08/2013 18:00:00,0.68162,-0.24042,20.86000,53.10000,842.66700,319.00000
09/08/2013 21:00:00,1.05901,0.89690,21.77000,58.10000,596.33300,318.50000
10/08/2013 00:00:00,1.38231,0.90095,22.21000,65.60000,54.21700,336.60000
10/08/2013 03:00:00,1.32036,0.90909,22.66000,70.80000,-6.25300,340.50000
10/08/2013 06:00:00,1.45989,-0.84362,22.70000,81.50000,-5.62200,366.20000
10/08/2013 09:00:00,-0.31342,-1.46547,21.34000,66.80000,-5.70500,344.80000
10/08/2013 12:00:00,-0.18395,-1.17401,20.41000,68.40000,149.33300,333.30000
10/08/2013 15:00:00,-0.19077,0.41461,19.98000,64.70000,601.00000,362.10000
10/08/2013 18:00:00,0.41628,0.56208,20.04000,67.80000,720.83300,341.20000
10/08/2013 21:00:00,0.71007,0.19407,20.80000,66.00000,298.00000,376.00000
11/08/2013 00:00:00,0.07772,-1.28849,21.43000,62.80000,56.36700,332.30000
11/08/2013 03:00:00,-0.09413,-0.85455,21.15000,65.50000,-6.23000,332.10000
11/08/2013 06:00:00,-0.40324,-0.31721,20.73000,54.20000,-6.19300,328.60000
11/08/2013 09:00:00,-0.35825,-0.12754,20.94000,56.90000,-6.32000,332.20000
11/08/2013 12:00:00,-0.61050,-0.02031,21.15000,57.90000,184.83300,322.50000
11/08/2013 15:00:00,-0.93759,0.34212,20.86000,64.50000,699.00000,322.60000
11/08/2013 18:00:00,-0.59979,0.78098,21.75000,56.10000,818.00000,332.30000
11/08/2013 21:00:00,-0.22745,0.55041,22.47000,58.20000,567.16700,330.90000
12/08/2013 00:00:00,-0.39325,0.38452,22.60000,58.90000,45.65000,332.40000
12/08/2013 03:00:00,-0.22305,0.51063,22.66000,64.30000,-6.59800,343.30000
12/08/2013 06:00:00,-0.00437,0.01052,22.73000,72.90000,-4.57500,395.30000
12/08/2013 09:00:00,-0.11777,0.00099,22.70000,77.80000,-5.02300,386.40000
12/08/2013 12:00:00,-0.09493,0.41512,22.71000,75.50000,44.50000,399.20000
12/08/2013 15:00:00,0.84841,0.63823,21.25000,78.40000,86.21700,399.80000
12/08/2013 18:00:00,1.11853,0.40292,21.23000,78.20000,75.78300,383.50000
12/08/2013 21:00:00,1.39101,0.65498,21.36000,79.60000,205.16700,388.20000
13/08/2013 00:00:00,0.55065,0.31791,21.58000,79.50000,16.75000,392.10000
13/08/2013 03:00:00,-0.70517,0.11984,22.71000,84.10000,-4.25200,395.30000
13/08/2013 06:00:00,0.02284,0.71519,21.19000,88.10000,-4.60200,384.60000
13/08/2013 09:00:00,0.86707,-0.33781,20.62000,85.90000,-5.88200,333.90000
13/08/2013 12:00:00,0.80275,-2.31887,19.30000,84.20000,76.46700,356.70000
13/08/2013 15:00:00,1.22999,-1.73352,17.91000,79.10000,300.33300,378.30000
13/08/2013 18:00:00,1.38372,-1.91624,18.22000,65.90000,871.50000,313.80000
13/08/2013 21:00:00,1.31834,-1.98818,18.39000,57.50000,430.33300,308.90000
14/08/2013 00:00:00,1.05792,-1.47274,18.00000,55.30000,44.98300,290.20000
14/08/2013 03:00:00,1.40762,-1.10261,17.50000,54.00000,-5.55300,296.80000
14/08/2013 06:00:00,1.91258,-1.65703,16.26000,65.70000,-4.91800,291.00000
14/08/2013 09:00:00,1.04002,-1.82757,15.36000,77.00000,-4.58300,291.50000
14/08/2013 12:00:00,1.03140,-1.57813,15.65000,80.70000,135.33300,330.10000
14/08/2013 15:00:00,0.77088,-1.64776,16.56000,75.50000,643.50000,317.10000
14/08/2013 18:00:00,0.66521,-0.89898,18.33000,55.80000,948.16700,302.30000
14/08/2013 21:00:00,0.96764,-1.07467,19.27000,54.70000,605.83300,305.70000
15/08/2013 00:00:00,0.79626,-1.35438,19.74000,51.20000,41.43300,300.90000
15/08/2013 03:00:00,0.61005,-0.49403,19.35000,53.90000,-7.22700,303.90000
15/08/2013 06:00:00,1.22034,0.54333,19.50000,57.20000,-6.01800,344.90000
15/08/2013 09:00:00,1.52195,0.24754,19.80000,55.30000,-5.65000,328.20000
15/08/2013 12:00:00,1.13416,-0.53536,19.23000,57.70000,184.00000,319.00000
15/08/2013 15:00:00,0.91540,-0.06210,19.10000,57.90000,735.00000,309.60000
15/08/2013 18:00:00,1.18569,0.85618,19.63000,54.30000,901.66700,310.20000
15/08/2013 21:00:00,1.49376,1.08150,20.22000,48.40000,608.66700,302.80000
16/08/2013 00:00:00,1.35108,0.93938,20.61000,50.60000,41.76700,306.30000
16/08/2013 03:00:00,1.01879,0.45513,20.68000,48.60000,-7.33700,307.00000
16/08/2013 06:00:00,0.63042,0.32419,20.73000,47.90000,-7.52200,309.80000
16/08/2013 09:00:00,0.72100,0.42228,20.70000,53.90000,-5.03000,358.30000
16/08/2013 12:00:00,0.85638,-0.15798,20.02000,71.50000,36.75000,377.80000
16/08/2013 15:00:00,0.12448,0.11578,20.20000,73.50000,633.66700,342.90000
16/08/2013 18:00:00,0.07292,0.74756,20.79000,70.90000,883.83300,324.40000
16/08/2013 21:00:00,0.45932,0.83189,21.77000,57.90000,483.00000,316.30000
17/08/2013 00:00:00,0.49608,0.34582,21.53000,57.20000,34.21700,312.10000
17/08/2013 03:00:00,0.31287,-0.22101,21.19000,61.30000,-7.13500,313.50000
17/08/2013 06:00:00,-0.19605,0.67141,21.37000,59.90000,-6.67200,313.60000
17/08/2013 09:00:00,-0.58752,-0.41907,21.15000,66.40000,-6.05000,316.80000
17/08/2013 12:00:00,-0.94242,-0.04743,20.92000,73.30000,144.83300,321.50000
17/08/2013 15:00:00,-1.06514,0.18189,20.59000,75.40000,606.16700,323.50000
17/08/2013 18:00:00,-1.16642,0.18921,20.90000,70.80000,814.16700,338.90000
17/08/2013 21:00:00,-1.12427,0.18189,21.59000,77.20000,344.00000,340.70000
18/08/2013 00:00:00,-0.92850,0.18169,22.17000,76.30000,37.01700,328.60000
18/08/2013 03:00:00,-0.89196,0.22988,22.24000,75.30000,-5.73200,329.60000
18/08/2013 06:00:00,-0.82998,-0.15561,21.81000,77.80000,-5.73700,329.20000
18/08/2013 09:00:00,-0.87634,0.10169,21.24000,72.30000,-5.98000,331.20000
18/08/2013 12:00:00,-0.71789,-0.01551,21.13000,74.70000,55.03300,339.40000
18/08/2013 15:00:00,-0.54909,0.36016,21.10000,73.50000,533.50000,330.70000
18/08/2013 18:00:00,-0.53540,0.31209,21.47000,68.10000,839.00000,330.70000
18/08/2013 21:00:00,-0.06185,0.16014,21.94000,70.90000,337.66700,378.50000
19/08/2013 00:00:00,-0.20391,0.14608,22.28000,73.70000,31.03300,348.90000
19/08/2013 03:00:00,0.06539,0.57602,22.01000,81.30000,-8.36000,343.60000
19/08/2013 06:00:00,0.15805,0.31632,21.84000,83.60000,-5.11300,342.40000
19/08/2013 09:00:00,-0.37860,0.58581,21.26000,88.50000,-5.10700,347.70000
19/08/2013 12:00:00,0.08948,-0.56040,22.20000,77.50000,126.13300,396.00000
19/08/2013 15:00:00,0.20099,-0.13913,21.39000,84.90000,422.00000,354.30000
19/08/2013 18:00:00,0.49675,0.65241,21.63000,87.70000,856.83300,335.80000
19/08/2013 21:00:00,0.83936,1.03919,22.38000,79.10000,524.83300,340.60000
20/08/2013 00:00:00,0.82426,1.05862,22.83000,72.50000,24.93300,331.80000
20/08/2013 03:00:00,0.41358,0.91657,23.09000,72.90000,-5.86200,335.40000
20/08/2013 06:00:00,0.50433,0.77873,22.87000,77.90000,-5.21500,342.80000
20/08/2013 09:00:00,0.57380,0.35392,22.26000,81.30000,-4.94700,346.90000
20/08/2013 12:00:00,0.89078,0.15824,22.52000,85.70000,136.16700,343.40000
20/08/2013 15:00:00,0.34304,-0.07218,22.83000,80.10000,676.50000,344.30000
20/08/2013 18:00:00,0.71047,1.11315,22.60000,83.00000,844.50000,376.30000
20/08/2013 21:00:00,0.68760,1.25890,24.18000,71.00000,531.16700,349.50000
21/08/2013 00:00:00,0.42353,0.92425,23.83000,78.90000,19.08300,447.60000
21/08/2013 03:00:00,0.06627,0.88920,24.05000,75.30000,-4.33700,381.70000
21/08/2013 06:00:00,0.22987,0.92692,23.26000,78.60000,-5.16000,351.20000
21/08/2013 09:00:00,0.55992,1.09891,22.77000,80.90000,-4.87000,350.10000
21/08/2013 12:00:00,0.56699,0.84288,22.63000,80.90000,142.83300,349.70000
21/08/2013 15:00:00,0.63681,0.86435,22.72000,80.90000,641.00000,354.70000
21/08/2013 18:00:00,0.71861,1.02991,23.82000,76.60000,824.50000,382.40000
21/08/2013 21:00:00,0.51092,0.72772,24.93000,71.80000,489.66700,408.10000
22/08/2013 00:00:00,0.15448,0.53538,24.47000,79.30000,29.68300,417.50000
22/08/2013 03:00:00,0.22844,0.72980,24.23000,79.10000,-4.53200,368.40000
22/08/2013 06:00:00,0.95019,1.23092,23.47000,87.00000,-4.07500,360.70000
22/08/2013 09:00:00,1.33944,1.16046,22.87000,84.60000,-3.91300,358.40000
22/08/2013 12:00:00,1.65360,0.79807,22.65000,86.00000,139.00000,387.00000
22/08/2013 15:00:00,0.87575,0.18463,22.81000,88.00000,240.00000,389.90000
22/08/2013 18:00:00,0.91493,0.83697,23.04000,88.80000,802.00000,360.50000
22/08/2013 21:00:00,0.80556,-0.26059,23.60000,85.80000,194.66700,386.20000
23/08/2013 00:00:00,0.48991,-0.85388,24.12000,83.50000,9.71000,394.80000
23/08/2013 03:00:00,1.10688,0.27967,23.86000,83.50000,-3.38700,391.90000
23/08/2013 06:00:00,-1.10338,0.65590,23.19000,80.70000,-3.05800,394.30000
23/08/2013 09:00:00,-0.28492,-1.35992,22.84000,78.60000,-4.01800,352.30000
23/08/2013 12:00:00,-1.03308,-1.00596,21.85000,83.40000,135.16700,362.60000
23/08/2013 15:00:00,-1.02647,-0.53435,21.83000,73.60000,693.50000,327.60000
23/08/2013 18:00:00,-0.62134,0.11221,21.66000,76.80000,898.50000,327.50000
23/08/2013 21:00:00,-0.46293,0.60694,22.08000,75.70000,534.66700,323.70000
24/08/2013 00:00:00,-0.53815,0.32489,22.40000,70.80000,19.11700,326.80000
24/08/2013 03:00:00,-1.26345,0.34925,22.55000,69.90000,-4.65800,334.30000
24/08/2013 06:00:00,-1.28926,0.41240,21.86000,63.90000,-4.56700,326.00000
24/08/2013 09:00:00,-1.16449,0.57035,21.44000,60.60000,-4.42500,317.70000
24/08/2013 12:00:00,-0.79723,0.51256,21.57000,58.60000,138.33300,319.30000
24/08/2013 15:00:00,-0.81338,0.39170,21.36000,59.20000,685.33300,320.30000
24/08/2013 18:00:00,-0.78862,0.55808,21.62000,58.70000,889.66700,324.80000
24/08/2013 21:00:00,-0.70571,0.11660,21.88000,57.30000,591.33300,314.40000
25/08/2013 00:00:00,-0.93942,0.33706,21.91000,62.00000,26.28300,310.50000
25/08/2013 03:00:00,-0.86183,0.58706,21.92000,71.20000,-4.66700,321.10000
25/08/2013 06:00:00,-0.94547,0.81980,21.64000,69.90000,-4.64200,322.80000
25/08/2013 09:00:00,-0.47506,0.77811,21.57000,73.30000,-5.48500,320.30000
25/08/2013 12:00:00,0.54712,0.84633,21.82000,77.20000,140.83300,326.70000
25/08/2013 15:00:00,0.96201,0.99289,22.52000,70.40000,660.50000,337.80000
25/08/2013 18:00:00,0.76123,1.22725,23.61000,70.70000,826.66700,348.30000
25/08/2013 21:00:00,0.90134,1.39299,24.51000,74.00000,513.33300,348.40000
26/08/2013 00:00:00,0.76347,1.20947,24.44000,78.80000,13.80000,354.50000
26/08/2013 03:00:00,1.23972,1.41184,24.67000,72.10000,-3.55000,359.90000
26/08/2013 06:00:00,1.67703,1.45294,23.83000,72.50000,-3.39300,361.10000
26/08/2013 09:00:00,1.83617,1.07952,23.21000,78.20000,-3.32700,358.70000
26/08/2013 12:00:00,1.67365,0.67297,22.80000,79.00000,71.53300,359.50000
26/08/2013 15:00:00,1.89627,1.22699,23.04000,78.00000,662.33300,357.00000
26/08/2013 18:00:00,1.96564,1.30809,23.83000,75.60000,416.66700,389.50000
26/08/2013 21:00:00,2.00796,0.81323,24.87000,76.10000,465.50000,388.30000
27/08/2013 00:00:00,1.24300,-0.61903,24.59000,81.10000,10.80200,413.80000
27/08/2013 03:00:00,-0.11514,0.05213,24.10000,87.20000,-2.98200,383.30000
27/08/2013 06:00:00,0.40897,0.28813,23.86000,89.70000,-3.21500,379.60000
27/08/2013 09:00:00,0.61125,0.52426,23.62000,90.10000,-2.02200,418.00000
27/08/2013 12:00:00,0.59390,0.31610,23.53000,90.70000,62.96700,410.30000
27/08/2013 15:00:00,0.57519,0.43492,22.95000,87.70000,152.33300,407.90000
27/08/2013 18:00:00,1.17351,0.44878,23.14000,89.20000,694.00000,389.10000
27/08/2013 21:00:00,1.54500,0.44790,23.26000,91.20000,181.16700,390.90000
28/08/2013 00:00:00,0.57127,0.20337,23.66000,92.50000,0.85700,409.80000
28/08/2013 03:00:00,-0.11137,0.58222,23.20000,96.00000,-2.72200,410.10000
28/08/2013 06:00:00,0.04316,0.52601,23.15000,95.60000,-2.45500,418.60000
28/08/2013 09:00:00,-0.84361,1.07698,23.49000,93.20000,-2.25200,424.30000
28/08/2013 12:00:00,-1.68104,0.76439,23.66000,92.50000,11.45200,424.40000
28/08/2013 15:00:00,-1.15424,-0.87580,23.01000,93.60000,500.66700,400.40000
28/08/2013 18:00:00,-0.49187,-0.32733,23.34000,89.30000,547.50000,415.70000
28/08/2013 21:00:00,-0.13568,0.31145,23.29000,90.90000,180.50000,415.10000
29/08/2013 00:00:00,0.54392,-0.45332,23.22000,94.50000,7.78000,368.00000
29/08/2013 03:00:00,0.16074,-1.10700,23.28000,90.80000,-3.73800,378.30000
29/08/2013 06:00:00,-0.27482,1.05794,22.58000,94.50000,-3.45800,359.90000
29/08/2013 09:00:00,-0.39561,-0.96302,22.42000,96.50000,-3.33500,352.50000
29/08/2013 12:00:00,-0.66697,-0.33565,22.98000,88.50000,111.40000,355.40000
29/08/2013 15:00:00,-0.56527,0.09243,23.15000,87.10000,623.33300,365.70000
29/08/2013 18:00:00,-0.04394,0.02823,23.20000,87.90000,838.50000,357.60000
29/08/2013 21:00:00,0.62931,0.22255,24.08000,85.20000,518.00000,358.50000
30/08/2013 00:00:00,0.48961,0.11432,24.09000,87.10000,5.78300,352.60000
30/08/2013 03:00:00,0.32538,-0.24624,23.66000,88.60000,-5.35500,354.70000
30/08/2013 06:00:00,-0.20547,0.04724,23.45000,86.20000,-5.43200,349.70000
30/08/2013 09:00:00,0.19845,0.41252,22.96000,87.50000,-5.01000,348.90000
30/08/2013 12:00:00,0.36689,0.44886,23.02000,87.40000,104.15000,356.40000
30/08/2013 15:00:00,0.69740,0.92868,23.21000,87.10000,723.00000,385.60000
30/08/2013 18:00:00,1.06113,1.11262,24.22000,83.70000,832.50000,364.30000
30/08/2013 21:00:00,0.86700,1.21656,25.39000,81.20000,481.50000,373.30000
31/08/2013 00:00:00,0.54274,1.02897,24.85000,88.20000,2.37300,379.10000
31/08/2013 03:00:00,1.00311,1.28725,25.78000,78.90000,-2.42200,412.60000
31/08/2013 06:00:00,0.37846,-0.15107,25.36000,81.00000,-5.59000,426.30000
31/08/2013 09:00:00,0.71479,-0.58228,24.06000,87.60000,-3.61500,391.40000
31/08/2013 12:00:00,0.18247,-0.89123,23.84000,87.20000,15.43300,423.50000
31/08/2013 15:00:00,0.14057,-0.70133,23.23000,87.00000,145.50000,425.90000
31/08/2013 18:00:00,0.18504,0.55379,23.17000,83.20000,183.50000,420.50000
31/08/2013 21:00:00,0.69417,0.26350,23.42000,82.60000,165.16700,416.10000
01/09/2013 00:00:00,0.87170,-0.96406,23.41000,82.50000,3.80500,375.30000
01/09/2013 03:00:00,0.37238,-0.85250,23.47000,74.60000,-3.55300,362.80000
01/09/2013 06:00:00,0.30309,-0.71237,23.29000,72.60000,-2.52800,406.50000
01/09/2013 09:00:00,-0.19584,0.72053,22.69000,76.20000,-3.44800,370.50000
01/09/2013 12:00:00,-0.88124,-0.10042,22.71000,84.40000,44.81700,412.10000
01/09/2013 15:00:00,-0.93915,0.46145,22.86000,89.10000,185.33300,414.50000
01/09/2013 18:00:00,-0.46799,0.50059,23.77000,84.30000,569.00000,387.40000
01/09/2013 21:00:00,-0.54026,-0.00449,24.34000,82.40000,261.16700,405.10000
02/09/2013 00:00:00,-0.65122,0.64907,23.87000,86.20000,1.75700,374.30000
02/09/2013 03:00:00,-0.44511,0.94424,23.92000,89.00000,-3.65500,374.20000
02/09/2013 06:00:00,0.77118,0.72034,24.11000,89.40000,-1.99200,420.70000
02/09/2013 09:00:00,0.81137,0.72994,23.65000,89.40000,-3.30200,370.70000
02/09/2013 12:00:00,1.55877,0.27620,23.73000,80.10000,119.31700,385.80000
02/09/2013 15:00:00,1.34345,-0.65524,22.87000,85.80000,418.33300,408.70000
02/09/2013 18:00:00,1.24641,-1.49170,22.66000,79.50000,508.83300,388.30000
02/09/2013 21:00:00,1.10048,-1.40011,22.75000,69.40000,507.16700,334.90000
03/09/2013 00:00:00,0.97176,-1.31557,22.40000,69.60000,0.67000,395.00000
03/09/2013 03:00:00,1.29992,-1.65814,20.23000,67.80000,-2.64700,371.20000
03/09/2013 06:00:00,1.79404,-1.14818,18.53000,70.00000,-2.04200,376.80000
03/09/2013 09:00:00,1.83931,-1.00066,16.86000,75.40000,-2.63300,374.70000
03/09/2013 12:00:00,1.84393,-0.65123,16.36000,73.50000,29.48300,373.20000
03/09/2013 15:00:00,2.01340,-0.41139,16.61000,75.40000,208.83300,375.40000
03/09/2013 18:00:00,1.78892,-0.40361,17.91000,72.70000,296.00000,380.90000
03/09/2013 21:00:00,1.15212,-0.60098,19.05000,68.60000,369.83300,354.40000
04/09/2013 00:00:00,0.75737,-0.88009,20.14000,69.40000,1.98300,317.30000
04/09/2013 03:00:00,0.92070,0.21780,21.24000,65.40000,-3.94700,324.20000
04/09/2013 06:00:00,1.61079,0.45320,20.94000,76.40000,-3.38000,327.30000
04/09/2013 09:00:00,1.64736,-0.35016,20.73000,71.00000,-4.20000,317.40000
04/09/2013 12:00:00,1.88882,-0.28552,20.40000,79.10000,140.33300,330.00000
04/09/2013 15:00:00,1.87617,0.38089,20.63000,68.00000,698.50000,322.10000
04/09/2013 18:00:00,1.77590,1.27343,20.86000,71.20000,825.00000,322.30000
04/09/2013 21:00:00,2.02095,1.39384,22.62000,66.10000,455.00000,332.40000
05/09/2013 00:00:00,1.71083,1.13444,23.58000,69.00000,0.72000,348.60000
05/09/2013 03:00:00,-0.47781,1.46108,23.42000,81.00000,-2.25700,404.60000
05/09/2013 06:00:00,0.33036,-2.10844,20.58000,78.10000,-2.22800,384.30000
05/09/2013 09:00:00,0.25762,-1.89591,18.82000,74.00000,-2.29200,373.10000
05/09/2013 12:00:00,0.42804,-1.30083,17.92000,71.30000,77.73300,325.00000
05/09/2013 15:00:00,0.52709,-1.23742,17.43000,65.50000,679.50000,304.70000
05/09/2013 18:00:00,0.33531,0.93503,18.19000,60.90000,799.83300,326.30000
05/09/2013 21:00:00,0.48615,-1.17507,19.11000,49.00000,506.16700,301.80000
06/09/2013 00:00:00,0.90044,-1.69513,18.04000,53.30000,0.13700,287.70000
06/09/2013 03:00:00,-0.31316,2.01751,16.23000,62.00000,-4.15500,280.80000
06/09/2013 06:00:00,-1.28024,-1.05538,16.97000,61.30000,-4.16300,288.80000
06/09/2013 09:00:00,-0.94608,0.31173,17.12000,56.60000,-5.06500,288.60000
06/09/2013 12:00:00,-0.08322,0.38983,17.27000,58.50000,113.93300,293.40000
06/09/2013 15:00:00,0.24025,0.66959,17.98000,58.90000,657.16700,301.90000
06/09/2013 18:00:00,0.40870,0.60050,18.45000,56.30000,779.50000,303.20000
06/09/2013 21:00:00,0.36098,0.51463,19.43000,46.70000,470.16700,298.60000
07/09/2013 00:00:00,0.36983,0.62842,19.40000,48.30000,-3.02500,319.40000
07/09/2013 03:00:00,0.39999,1.17430,20.04000,59.10000,-4.62300,309.00000
07/09/2013 06:00:00,0.42145,1.34059,20.77000,64.00000,-3.29000,343.90000
07/09/2013 09:00:00,1.15342,1.26506,21.15000,62.90000,-3.46300,320.40000
07/09/2013 12:00:00,1.59694,1.41997,20.41000,66.60000,77.70000,326.00000
07/09/2013 15:00:00,1.45676,1.49478,21.19000,65.90000,324.16700,386.60000
07/09/2013 18:00:00,1.87522,1.24792,22.13000,71.20000,568.33300,384.80000
07/09/2013 21:00:00,1.27522,0.45396,23.00000,80.20000,174.83300,397.50000
08/09/2013 00:00:00,0.40160,0.33076,23.43000,82.00000,-1.27200,403.50000
08/09/2013 03:00:00,0.65430,0.59013,22.96000,85.70000,-2.02200,406.40000
08/09/2013 06:00:00,0.97006,-0.32501,22.75000,89.30000,-2.93800,379.90000
08/09/2013 09:00:00,-0.35861,1.56642,22.16000,85.10000,-1.99700,401.30000
08/09/2013 12:00:00,-1.02400,-1.59418,21.28000,84.10000,8.85300,406.70000
08/09/2013 15:00:00,-1.50882,-1.15977,20.24000,82.20000,90.36700,399.90000
08/09/2013 18:00:00,-0.88069,-0.32138,19.18000,66.30000,839.16700,322.20000
08/09/2013 21:00:00,-0.81284,0.59056,19.53000,59.80000,411.00000,310.20000
09/09/2013 00:00:00,-0.83387,0.74520,19.34000,62.70000,-2.06500,315.20000
09/09/2013 03:00:00,-1.30073,0.56687,19.33000,64.90000,-3.51500,327.60000
09/09/2013 06:00:00,-1.50557,0.60030,18.41000,67.80000,-3.58800,292.00000
09/09/2013 09:00:00,-1.05684,0.94049,18.29000,67.40000,-4.31000,300.00000
09/09/2013 12:00:00,-0.76643,1.14860,18.31000,73.60000,33.58300,364.60000
09/09/2013 15:00:00,-0.55210,1.00880,19.28000,74.30000,328.50000,378.20000
09/09/2013 18:00:00,-0.11996,0.87459,20.72000,76.60000,179.16700,403.60000
09/09/2013 21:00:00,-0.19903,0.72944,22.38000,76.80000,254.00000,381.70000
10/09/2013 00:00:00,-0.51645,1.00633,22.48000,87.80000,-0.98700,373.70000
10/09/2013 03:00:00,-0.32297,1.47420,23.72000,86.90000,-2.34500,384.20000
10/09/2013 06:00:00,1.04501,2.01766,24.17000,82.20000,-2.13000,387.50000
10/09/2013 09:00:00,1.50231,1.54540,24.14000,81.60000,-1.93000,399.80000
10/09/2013 12:00:00,1.60346,1.59815,23.91000,85.00000,83.16700,385.00000
10/09/2013 15:00:00,1.65172,1.31610,24.01000,85.90000,584.83300,382.00000
10/09/2013 18:00:00,1.43729,1.46992,24.67000,84.30000,755.66700,384.60000
10/09/2013 21:00:00,1.21798,1.31816,25.85000,77.90000,402.00000,387.50000
11/09/2013 00:00:00,0.95149,1.07456,24.92000,81.70000,-1.84700,392.00000
11/09/2013 03:00:00,0.52783,0.46231,25.49000,82.10000,-2.40700,391.70000
11/09/2013 06:00:00,1.28791,1.20402,24.66000,85.30000,-2.84700,412.80000
11/09/2013 09:00:00,1.17481,1.23182,24.41000,83.30000,-2.58500,383.00000
11/09/2013 12:00:00,1.23094,1.11952,23.87000,85.40000,44.01700,400.10000
11/09/2013 15:00:00,1.19735,1.50269,23.86000,84.60000,578.83300,379.80000
11/09/2013 18:00:00,1.02360,1.53401,24.45000,85.10000,671.00000,380.10000
11/09/2013 21:00:00,1.11836,0.96001,25.56000,80.20000,433.16700,378.70000
12/09/2013 00:00:00,0.48731,1.12330,25.63000,77.30000,-1.93700,395.80000
12/09/2013 03:00:00,0.05083,1.19392,22.61000,87.60000,-2.74300,407.10000
12/09/2013 06:00:00,0.83767,1.27600,22.69000,88.50000,-2.11500,372.50000
12/09/2013 09:00:00,1.65523,0.75471,22.97000,89.70000,-1.88300,402.80000
12/09/2013 12:00:00,1.22842,0.02194,22.65000,88.00000,6.63200,407.00000
12/09/2013 15:00:00,1.26135,0.25117,22.14000,81.40000,192.33300,398.90000
12/09/2013 18:00:00,1.29224,-1.40196,21.77000,84.20000,266.83300,395.20000
12/09/2013 21:00:00,0.89946,-1.86776,22.13000,67.30000,445.00000,342.50000
13/09/2013 00:00:00,0.45762,-1.37911,21.34000,69.20000,-2.81500,339.00000
13/09/2013 03:00:00,0.51159,-2.17880,18.62000,75.30000,-1.48200,376.80000
13/09/2013 06:00:00,0.87597,-1.74062,17.35000,77.70000,-1.92200,347.10000
13/09/2013 09:00:00,-0.91951,1.56613,15.97000,78.60000,-1.66500,359.60000
13/09/2013 12:00:00,-0.11532,-2.00864,15.78000,74.40000,58.58300,339.20000
13/09/2013 15:00:00,-0.29081,-2.19471,14.77000,70.00000,234.33300,356.30000
13/09/2013 18:00:00,0.12194,-1.87855,15.24000,65.20000,441.16700,354.90000
13/09/2013 21:00:00,0.63333,-1.96023,14.73000,66.00000,294.00000,351.10000
14/09/2013 00:00:00,-0.78155,2.07313,13.71000,74.80000,-2.07800,350.90000
14/09/2013 03:00:00,-0.73739,-1.79920,13.07000,60.70000,-1.76300,338.30000
14/09/2013 06:00:00,-0.90896,-1.49022,12.51000,61.00000,-2.69800,296.30000
14/09/2013 09:00:00,-0.48227,-0.87951,12.83000,61.40000,-3.43800,266.40000
14/09/2013 12:00:00,0.17234,0.87966,13.34000,65.60000,101.23300,326.40000
14/09/2013 15:00:00,0.63318,-0.39309,13.29000,61.10000,658.00000,277.30000
14/09/2013 18:00:00,0.69167,0.44508,14.31000,58.80000,823.33300,285.40000
14/09/2013 21:00:00,0.81731,1.01879,15.59000,55.90000,448.50000,280.80000
15/09/2013 00:00:00,1.10932,0.96028,15.90000,48.10000,-4.50200,276.90000
15/09/2013 03:00:00,0.83973,0.89228,17.24000,52.40000,-4.18000,285.20000
15/09/2013 06:00:00,0.96245,0.78669,17.50000,66.30000,-3.82300,302.80000
15/09/2013 09:00:00,1.03687,1.02826,17.60000,69.20000,-3.15000,301.60000
15/09/2013 12:00:00,1.60556,0.59726,17.88000,62.20000,61.46700,304.20000
15/09/2013 15:00:00,1.47262,0.92786,17.88000,70.10000,388.50000,358.10000
15/09/2013 18:00:00,1.36586,0.96572,18.66000,58.00000,387.83300,362.00000
15/09/2013 21:00:00,1.08069,0.68282,19.09000,54.20000,120.13300,370.50000
16/09/2013 00:00:00,0.55353,-1.65664,18.75000,59.60000,-8.12200,378.20000
16/09/2013 03:00:00,0.20277,-0.76181,16.93000,72.60000,-1.60700,375.00000
16/09/2013 06:00:00,1.15923,-0.72908,17.01000,63.70000,-1.97200,369.30000
16/09/2013 09:00:00,1.39838,-0.93059,15.84000,69.10000,-3.29500,302.10000
16/09/2013 12:00:00,1.09545,-1.48942,14.70000,88.60000,13.80000,370.80000
16/09/2013 15:00:00,0.30628,-2.23298,15.98000,78.00000,588.50000,309.90000
16/09/2013 18:00:00,-0.22749,-1.42107,16.08000,67.00000,480.66700,357.20000
16/09/2013 21:00:00,-0.45739,1.21332,15.12000,65.10000,489.16700,290.10000
17/09/2013 00:00:00,0.82014,-1.33583,14.82000,60.10000,-3.53000,289.00000
17/09/2013 03:00:00,0.66146,1.51373,15.11000,72.10000,-2.70800,311.30000
17/09/2013 06:00:00,-1.91152,-0.68585,14.64000,74.50000,-2.91700,302.40000
17/09/2013 09:00:00,-1.82877,-0.22454,13.56000,67.40000,-3.24300,272.10000
17/09/2013 12:00:00,-1.61247,0.76173,13.29000,58.50000,82.23300,262.60000
17/09/2013 15:00:00,-1.56026,0.61611,13.17000,66.90000,625.50000,266.40000
17/09/2013 18:00:00,-1.66005,0.14524,14.70000,58.80000,819.83300,274.80000
17/09/2013 21:00:00,-1.42739,0.12727,16.51000,60.30000,466.50000,285.20000
18/09/2013 00:00:00,-1.08148,0.14878,17.57000,67.50000,-3.50800,288.10000
18/09/2013 03:00:00,-1.42589,0.42172,18.42000,64.00000,-3.73200,292.90000
18/09/2013 06:00:00,-0.56350,1.37814,18.37000,57.00000,-3.20700,294.30000
18/09/2013 09:00:00,0.03248,1.56383,17.56000,66.00000,-3.46700,297.60000
18/09/2013 12:00:00,-0.03060,1.38911,16.90000,72.30000,100.31700,302.70000
18/09/2013 15:00:00,-0.11188,0.88686,17.70000,71.30000,651.16700,307.70000
18/09/2013 18:00:00,-0.15810,0.65137,18.63000,70.20000,618.00000,331.40000
18/09/2013 21:00:00,-0.67520,0.42701,20.23000,66.70000,422.33300,328.50000
19/09/2013 00:00:00,-1.00057,0.37362,20.28000,77.70000,-3.41300,323.70000
19/09/2013 03:00:00,-0.79416,0.92905,20.60000,77.20000,-3.14300,331.40000
19/09/2013 06:00:00,0.56723,1.37751,19.52000,83.30000,-2.90300,324.80000
19/09/2013 09:00:00,0.62318,1.29817,18.67000,89.90000,-2.05800,348.90000
19/09/2013 12:00:00,0.49129,1.19308,19.27000,89.20000,46.51700,350.00000
19/09/2013 15:00:00,-0.19054,1.10198,20.03000,87.90000,295.16700,396.80000
19/09/2013 18:00:00,-0.29732,1.23614,20.94000,86.30000,420.83300,404.80000
19/09/2013 21:00:00,-0.53710,0.71835,21.68000,86.00000,243.16700,370.50000
20/09/2013 00:00:00,-0.64628,0.78733,21.23000,90.00000,-2.73000,361.00000
20/09/2013 03:00:00,-0.10992,1.41908,21.08000,86.60000,-2.40500,355.20000
20/09/2013 06:00:00,0.09182,1.26027,20.79000,87.60000,-2.41200,353.10000
20/09/2013 09:00:00,-0.01366,1.42771,20.48000,89.60000,-2.20700,358.50000
20/09/2013 12:00:00,-0.25995,1.65471,20.52000,92.60000,9.51300,411.90000
20/09/2013 15:00:00,-0.17125,1.99544,21.20000,90.20000,524.50000,370.20000
20/09/2013 18:00:00,-0.31091,1.77633,22.63000,86.00000,663.00000,379.10000
20/09/2013 21:00:00,-0.62603,1.61484,23.09000,84.70000,202.83300,395.40000
21/09/2013 00:00:00,-0.58025,2.02663,23.66000,80.20000,-1.92200,390.60000
21/09/2013 03:00:00,0.80607,0.76876,20.89000,93.50000,-1.17700,410.40000
21/09/2013 06:00:00,1.05780,1.01556,20.41000,93.70000,-1.34200,400.20000
21/09/2013 09:00:00,1.13102,0.28956,19.58000,92.60000,-1.23800,400.20000
21/09/2013 12:00:00,0.41811,0.97043,18.85000,91.00000,4.65000,394.40000
21/09/2013 15:00:00,1.35142,0.88981,18.55000,80.70000,24.65000,387.00000
21/09/2013 18:00:00,1.26326,-1.29509,18.21000,77.50000,616.66700,335.40000
21/09/2013 21:00:00,1.30292,-2.37845,16.90000,78.70000,427.66700,340.40000
22/09/2013 00:00:00,0.94934,-1.25116,17.11000,73.20000,-3.01500,328.60000
22/09/2013 03:00:00,0.69134,-1.48103,16.69000,74.50000,-1.92200,345.50000
22/09/2013 06:00:00,1.18208,-1.38057,14.88000,69.50000,-2.66200,304.60000
22/09/2013 09:00:00,1.32343,-1.49840,13.67000,61.10000,-1.75500,350.00000
22/09/2013 12:00:00,1.49891,-1.83222,12.95000,62.20000,27.63300,341.60000
22/09/2013 15:00:00,0.98419,-1.12940,12.22000,66.70000,500.66700,280.00000
22/09/2013 18:00:00,0.82269,-0.75383,13.72000,62.60000,765.83300,296.50000
22/09/2013 21:00:00,0.32316,-1.69248,12.91000,82.30000,368.66700,355.90000
23/09/2013 00:00:00,0.58552,-1.45793,13.85000,66.70000,-1.75800,338.90000
23/09/2013 03:00:00,0.11629,1.33913,13.15000,66.40000,-2.99200,271.60000
23/09/2013 06:00:00,-0.56315,-1.12249,12.97000,64.80000,-2.90200,299.30000
23/09/2013 09:00:00,-0.59629,-0.41092,13.10000,60.60000,-2.04000,344.20000
23/09/2013 12:00:00,-0.52201,-0.83694,13.31000,57.40000,30.98300,286.00000
23/09/2013 15:00:00,-0.45325,-0.96466,13.28000,60.50000,139.00000,352.70000
23/09/2013 18:00:00,-0.14928,-0.15550,13.56000,59.60000,393.66700,338.90000
23/09/2013 21:00:00,0.42457,0.53650,13.92000,54.40000,429.33300,279.70000
24/09/2013 00:00:00,0.25039,0.43247,14.18000,58.90000,-4.86200,276.40000
24/09/2013 03:00:00,-0.45567,1.22108,14.75000,59.40000,-4.92000,279.50000
24/09/2013 06:00:00,-0.93105,-0.93806,14.88000,60.70000,-4.59000,288.50000
24/09/2013 09:00:00,-1.25284,-0.35925,14.52000,64.20000,-4.63000,281.40000
24/09/2013 12:00:00,-0.87777,-0.53891,14.86000,61.40000,65.90000,281.90000
24/09/2013 15:00:00,-0.86880,-0.46706,15.58000,62.00000,585.66700,285.70000
24/09/2013 18:00:00,-0.37077,0.15664,16.14000,62.80000,771.33300,305.90000
24/09/2013 21:00:00,-0.09934,0.41151,16.14000,68.30000,412.83300,291.50000
25/09/2013 00:00:00,-0.33094,0.29874,17.12000,54.60000,-4.24200,281.20000
25/09/2013 03:00:00,-0.77665,-0.28157,17.38000,57.90000,-4.20300,283.50000
25/09/2013 06:00:00,-0.86238,0.11280,16.66000,69.00000,-4.21200,293.10000
25/09/2013 09:00:00,-1.09853,-0.53069,16.92000,72.50000,-3.75700,291.40000
25/09/2013 12:00:00,-1.35492,-0.91064,17.08000,70.30000,73.88300,300.80000
25/09/2013 15:00:00,-1.49334,-0.77265,17.22000,68.30000,608.50000,294.50000
25/09/2013 18:00:00,-1.01731,-0.04572,17.83000,62.50000,364.83300,327.10000
25/09/2013 21:00:00,-0.94651,0.20572,18.27000,63.90000,444.66700,297.00000
26/09/2013 00:00:00,-0.28572,-0.43281,18.90000,52.30000,-4.16700,286.80000
26/09/2013 03:00:00,-0.30180,-0.43026,19.36000,66.70000,-3.68000,303.80000
26/09/2013 06:00:00,-1.15845,-0.28525,18.83000,63.50000,-4.22200,295.00000
26/09/2013 09:00:00,-1.10904,-0.81140,18.61000,65.90000,-3.96300,293.10000
26/09/2013 12:00:00,-1.05970,-0.59550,18.09000,79.10000,56.46700,299.00000
26/09/2013 15:00:00,-0.78331,-0.53358,18.27000,69.90000,582.33300,299.40000
26/09/2013 18:00:00,-0.72112,0.07214,18.46000,68.50000,752.16700,302.40000
26/09/2013 21:00:00,-0.66118,0.56374,18.77000,64.60000,403.00000,300.50000
27/09/2013 00:00:00,-0.98800,0.34297,18.99000,62.40000,-4.04200,300.00000
27/09/2013 03:00:00,-0.59389,-0.63157,19.47000,63.00000,-3.61500,308.60000
27/09/2013 06:00:00,-0.65123,-0.62523,19.03000,75.20000,-3.50300,310.50000
27/09/2013 09:00:00,-0.95352,-0.68613,18.43000,73.30000,-3.93300,306.70000
27/09/2013 12:00:00,-1.17847,-0.43558,18.17000,74.40000,53.18300,308.60000
27/09/2013 15:00:00,-1.35511,0.03492,17.78000,69.60000,568.83300,307.30000
27/09/2013 18:00:00,-1.18514,0.36664,18.01000,70.00000,742.66700,308.70000
27/09/2013 21:00:00,-1.31432,0.43854,18.06000,72.00000,397.66700,303.70000
28/09/2013 00:00:00,-1.69779,0.15353,18.63000,73.50000,-3.37200,306.20000
28/09/2013 03:00:00,-1.72630,-0.40083,18.76000,78.70000,-3.10300,309.40000
28/09/2013 06:00:00,-1.73719,-0.13599,18.41000,84.30000,-3.17200,308.50000
28/09/2013 09:00:00,-1.33806,0.43843,18.00000,76.50000,-3.59300,305.90000
28/09/2013 12:00:00,-1.04210,0.50827,17.60000,77.30000,55.16700,303.40000
28/09/2013 15:00:00,-0.86234,0.71207,18.38000,70.40000,548.50000,307.60000
28/09/2013 18:00:00,-0.83197,0.69516,19.54000,69.20000,715.50000,317.50000
28/09/2013 21:00:00,-1.27452,0.49410,20.60000,72.40000,302.83300,321.60000
29/09/2013 00:00:00,-1.70921,0.62531,20.95000,75.20000,-3.91000,325.40000
29/09/2013 03:00:00,-0.86874,2.10470,19.63000,71.70000,-3.05700,318.80000
29/09/2013 06:00:00,-0.54817,2.62164,18.34000,72.90000,-2.73700,313.20000
29/09/2013 09:00:00,-0.21861,2.07993,17.82000,75.10000,-2.75300,315.10000
29/09/2013 12:00:00,-0.00696,2.09832,17.56000,80.10000,62.16700,329.30000
29/09/2013 15:00:00,0.31934,1.74321,18.15000,79.80000,392.33300,342.80000
29/09/2013 18:00:00,0.32001,1.16519,19.95000,79.40000,243.66700,371.30000
29/09/2013 21:00:00,0.61178,0.54309,19.92000,81.10000,82.25000,388.90000
30/09/2013 00:00:00,-0.00567,0.30411,19.57000,84.40000,-1.96300,393.80000
30/09/2013 03:00:00,0.19884,0.74820,18.97000,84.10000,-3.37200,389.00000
30/09/2013 06:00:00,0.25623,1.16038,19.09000,82.20000,-1.53800,388.30000
30/09/2013 09:00:00,1.06391,1.22903,18.63000,87.20000,-1.22000,395.90000
30/09/2013 12:00:00,0.95280,0.38312,18.53000,87.00000,9.76300,394.00000
30/09/2013 15:00:00,1.08244,-0.33486,18.44000,83.20000,407.66700,332.50000
30/09/2013 18:00:00,0.62944,0.66716,17.99000,76.60000,363.33300,375.60000
30/09/2013 21:00:00,0.82827,1.34908,18.25000,70.60000,175.50000,348.50000
01/10/2013 00:00:00,0.77797,1.37775,18.10000,74.40000,-4.71000,327.90000
01/10/2013 03:00:00,0.46616,1.32159,18.72000,84.00000,-3.29000,326.30000
01/10/2013 06:00:00,0.41165,0.97318,18.76000,88.10000,-3.06300,324.50000
01/10/2013 09:00:00,0.56357,0.53037,18.70000,88.20000,-2.89000,324.50000
01/10/2013 12:00:00,0.89828,0.24190,18.75000,86.50000,26.80000,365.60000
01/10/2013 15:00:00,0.94756,0.91579,18.83000,87.30000,453.83300,342.50000
01/10/2013 18:00:00,1.31149,1.38894,19.43000,87.30000,677.16700,330.00000
01/10/2013 21:00:00,0.74388,1.10285,20.38000,85.30000,320.66700,334.80000
02/10/2013 00:00:00,0.67690,0.92762,20.49000,84.40000,-3.33300,334.00000
